file,audio_filename,n_segments,mean_segment_duration_s,total_duration_s
aal_01um-02uk_sb_eo.trs,aal_01um-02uk,392,2.809,1101.120
aal_01um-02uk_sb_eo_sl.conc.ort.trs,aal_01um-02uk,392,2.809,1101.120
aal_01um-sl_mi_lh.trs,aal_01um-sl,101,5.465,552.000
aal_01um-sl_mi_lh_sl.conc.ort.trs,aal_01um-sl,101,5.465,552.000
aal_02uk-amg_sb_eo.trs,aal_02uk-amg,182,5.056,920.160
aal_02uk-amg_sb_eo_sl.conc.ort.trs,aal_02uk-amg,182,5.056,920.160
aal_03gm-04gk_ifg_eo.trs,aal_03gm-04gk,454,2.883,1308.960
aal_03gm-04gk_ifg_eo_sl.conc.ort.trs,aal_03gm-04gk,454,2.883,1308.960
aal_03gm-amg_ifg_lh.trs,aal_03gm-amg,182,4.460,811.680
aal_03gm-amg_ifg_lh_sl.conc.ort.trs,aal_03gm-amg,182,4.460,811.680
aal_04gk-sl_ifg_lh.trs,aal_04gk-sl,199,4.291,853.920
aal_04gk-sl_ifg_lh_sl.conc.ort.trs,aal_04gk-sl,199,4.291,853.920
aaseral_01um-02uk_hcfh_lh_eo.trs,aaseral_01um-02uk,316,3.477,1098.840
aaseral_01um-02uk_hcfh_lh_eo_sl_sr.conc.ort.trs,aaseral_01um-02uk,316,3.477,1098.840
aaseral_01um-sl_hcfh_eo_ifg_lh.trs,aaseral_01um-sl,138,5.871,810.200
aaseral_01um-sl_hcfh_eo_ifg_lh_sl_et_eo.conc.ort.trs,aaseral_01um-sl,138,5.871,810.200
aaseral_02uk-sl_hcfh_eo_lh.trs,aaseral_02uk-sl,170,4.392,746.680
aaseral_02uk-sl_hcfh_eo_lh_sl_sr.conc.ort.trs,aaseral_02uk-sl,170,4.392,746.680
aaseral_03gm-04gk_eo_lh.trs,aaseral_03gm-04gk,328,4.441,1456.560
aaseral_03gm-04gk_eo_lh_sl_et.conc.ort.trs,aaseral_03gm-04gk,328,4.441,1456.560
aaseral_03gm-eo_eo_lh.trs,aaseral_03gm-eo_800,116,7.060,818.920
aaseral_03gm-eo_eo_lh_sl_vb.conc.ort.trs,aaseral_03gm-eo,116,7.060,818.920
alvdal_01um-02uk_hcfh_sl_as.trs,alvdal_01um-02uk,338,3.093,1045.400
alvdal_01um-02uk_hcfh_sl_as_sl.conc.ort.trs,alvdal_01um-02uk,338,3.093,1045.400
alvdal_01um-jbj_hcfh_sl_as.trs,alvdal_01um-jbj,214,4.430,948.000
alvdal_01um-jbj_hcfh_sl_as_sl.conc.ort.trs,alvdal_01um-jbj,214,4.430,948.000
alvdal_02uk-jbj_hcfh_sl_as.trs,alvdal_02uk-jbj,311,5.372,1670.600
alvdal_02uk-jbj_hcfh_sl_as_sl.conc.ort.trs,alvdal_02uk-jbj,311,5.372,1670.600
alvdal_03gm-04gk_hcfh_as.trs,alvdal_03gm-04gk,402,3.582,1439.934
alvdal_03gm-04gk_hcfh_as_sl.conc.ort.trs,alvdal_03gm-04gk,402,3.582,1440.000
alvdal_03gm-jbj_hcfh_as.trs,alvdal_03gm-jbj,166,5.966,990.280
alvdal_03gm-jbj_hcfj_as_sl.conc.ort.trs,alvdal_03gm-jbj,166,5.966,990.280
alvdal_04gk-jbj_hcfh_amg_as.trs,alvdal_04gk-jbj,216,4.454,961.960
alvdal_04gk-jbj_hcfh_amg_as_sl.conc.ort.trs,alvdal_04gk-jbj,216,4.454,961.960
aremark_01um-02uk_ahl_eo.trs,aremark_01um-02uk,510,2.396,1222.080
aremark_01um-02uk_ahl_eo_sl.conc.ort.trs,aremark_01um-02uk,510,2.396,1222.080
aremark_01um-lh_ahl_eo.trs,aremark_01um-lh,165,4.439,732.480
aremark_01um-lh_ahl_eo_sl.conc.ort.trs,aremark_01um-lh,165,4.439,732.480
aremark_02uk-lh_ahl_eo.trs,aremark_02uk-lh,160,3.251,520.160
aremark_02uk-lh_ahl_eo_sl.conc.ort.trs,aremark_02uk-lh,160,3.251,520.160
aremark_03gm-04gk_eo_sb.trs,aremark_03gm-04gk,342,5.312,1816.800
aremark_03gm-04gk_eo_sb_sl.conc.ort.trs,aremark_03gm-04gk,342,5.312,1816.800
aremark_03gm-lh_eo_sb.trs,aremark_03gm-lh,149,6.034,899.040
aremark_03gm-lh_eo_sb_sl.conc.ort.trs,aremark_03gm-lh,149,6.034,899.040
aremark_04gk-rvf_eo_sb.trs,aremark_04gk-rvf,228,4.015,915.360
aremark_04gk-rvf_eo_sb_sb.conc.ort.trs,aremark_04gk-rvf,228,4.015,915.360
aure_01um-02uk_sb_amg.trs,aure_01um-02uk,303,4.133,1252.400
aure_01um-02uk_sb_amg_akl_vb.conc.ort.trs,aure_01um-02uk,303,4.133,1252.400
aure_01um-ta_sb_lh.trs,aure_01um-ta,131,5.450,714.000
aure_01um-ta_sb_lh_akl_vb.conc.ort.trs,aure_01um-ta,131,5.450,714.000
aure_02uk-ta_sb_lh.trs,aure_02uk-ta,156,5.082,792.760
aure_02uk-ta_sb_lh_akl_vb.conc.ort.trs,aure_02uk-ta,156,5.082,792.760
aure_03gm-04gk_sb_lh.trs,aure_03gm-04gk,321,3.589,1152.000
aure_03gm-04gk_sb_lh_akl_vb.conc.ort.trs,aure_03gm-04gk,321,3.589,1152.000
aure_03gm-ta_sb_lh.trs,aure_03gm-ta,116,5.516,639.800
aure_03gm-ta_sb_lh_akl_vb.conc.ort.trs,aure_03gm-ta,116,5.516,639.800
aure_04gk-ta_sb_lh.trs,aure_04gk-ta,115,5.896,678.000
aure_04gk-ta_sb_lh_akl_vb.conc.ort.trs,aure_04gk-ta,115,5.896,678.000
ballangen_01um-02uk_ifg_eo.trs,ballangen_01um-02uk,462,3.595,1661.120
ballangen_01um-02uk_ifg_eo_ifg_akl.conc.ort.trs,ballangen_01um-02uk,462,3.595,1661.120
ballangen_01um-kb_ifg_eo.trs,ballangen_01um-kb,107,4.586,490.680
ballangen_01um-kb_ifg_eo_ifg_akl.conc.ort.trs,ballangen_01um-kb,107,4.586,490.680
ballangen_02uk-kb_ifg_eo.trs,ballangen_02uk-kb,115,4.598,528.800
ballangen_02uk-kb_ifg_eo_ifg_akl.conc.ort.trs,ballangen_02uk-kb,115,4.598,528.800
ballangen_03gm-04gk_kk_sb.trs,ballangen_03gm-04gk,410,4.397,1802.760
ballangen_03gm-04gk_kk_sb_ifg_akl.conc.ort.trs,ballangen_03gm-04gk,410,4.397,1802.760
ballangen_03gm-kb_kk_sb.trs,ballangen_03gm-kb,136,5.174,703.680
ballangen_03gm-kb_kk_sb_ifg.conc.ort.trs,ballangen_03gm-kb,136,5.174,703.680
ballangen_04gk-kb_kk_sb.trs,ballangen_04gk-kb,130,5.077,660.040
ballangen_04gk-kb_kk_sb_ifg_akl.conc.ort.trs,ballangen_04gk-kb,130,5.077,660.040
beiarn_01um-02uk_kk_sb.trs,beiarn_01um-02uk,673,3.026,2036.280
beiarn_01um-02uk_kk_sb_eo_akl.conc.ort.trs,beiarn_01um-02uk,673,3.026,2036.280
beiarn_01um-kb_kk_sb.trs,beiarn_01um-kb,180,4.025,724.520
beiarn_01um-kb_kk_sb_eo_akl.conc.ort.trs,beiarn_01um-kb,180,4.025,724.520
beiarn_02uk-kb_kk_sb.trs,beiarn_02uk-kb,159,4.175,663.800
beiarn_02uk-kb_kk_sb_eo_akl.conc.ort.trs,beiarn_02uk-kb,159,4.175,663.800
beiarn_03gm-04gk_kk_sb.trs,beiarn_03gm-04gk,455,3.420,1556.040
beiarn_03gm-04gk_kk_sb_eo_akl.conc.ort.trs,beiarn_03gm-04gk,455,3.420,1556.040
beiarn_03gm-kb_sb_kk.trs,beiarn_03gm-kb,215,3.674,790.000
beiarn_03gm-kb_sb_kk_eo_akl.conc.ort.trs,beiarn_03gm-kb,215,3.674,790.000
beiarn_04gk-kb_sb_kk.trs,beiarn_04gk-kb,197,3.440,677.680
beiarn_04gk-kb_sb_kk_eo_akl.conc.ort.trs,beiarn_04gk-kb,197,3.440,677.680
beiarn_05um-kb_kk_eo.trs,beiarn_05um-kb,127,4.883,620.200
beiarn_05um-kb_kk_eo_eo_akl.conc.ort.trs,beiarn_05um-kb,127,4.883,620.200
bergen_01um-02uk_amg_sb_eo.trs,bergen_01um-02uk,254,4.176,1060.800
bergen_01um-02uk_amg_sb_eo_sl.conc.ort.trs,bergen_01um-02uk,254,4.176,1060.800
bergen_01um-mi_amg_sb_lh.trs,bergen_01um-mi,122,5.976,729.095
bergen_01um-mi_amg_sb_lh_sl.conc.ort.trs,bergen_01um-mi,122,5.976,729.095
bergen_02uk-sl_amg_sb_lh.trs,bergen_02uk-sl,137,3.644,499.200
bergen_02uk-sl_amg_sb_lh_sl.conc.ort.trs,bergen_02uk-sl,137,3.644,499.200
bergen_03gm-04gk_sb_lh.trs,bergen_03gm-04gk,398,3.212,1278.240
bergen_03gm-04gk_sb_lh_sl.conc.ort.trs,bergen_03gm-04gk,398,3.212,1278.240
bergen_03gm-mi_sb_lh.trs,bergen_03gm-mi,148,4.664,690.240
bergen_03gm-mi_sb_lh_sl.conc.ort.trs,bergen_03gm-mi,148,4.664,690.240
bergen_04gk-sl_sb_lh.trs,bergen_04gk-sl,199,4.696,934.560
bergen_04gk-sl_sb_lh_sl.conc.ort.trs,bergen_04gk-sl,199,4.696,934.560
bjugn_15-19_sb_ifg.trs,bjugn_15-19,538,3.249,1748.160
bjugn_15-19_sb_ifg_akl_vb.conc.ort.trs,bjugn_15-19,538,3.249,1748.160
bjugn_15-aml_sb_ifg.trs,bjugn_15-aml,185,4.797,887.520
bjugn_15-aml_sb_ifg_akl_et.conc.ort.trs,bjugn_15-aml,185,4.797,887.520
bjugn_16-23_hl_kk_ifg.trs,bjugn_16-23,289,4.638,1340.440
bjugn_16-23_hl_kk_ifg_akl_vb.conc.ort.trs,bjugn_16-23,289,4.638,1340.440
bjugn_19-aml_sb_ifg.trs,bjugn_19-aml,148,5.695,842.880
bjugn_19-aml_sb_ifg_akl_et.conc.ort.trs,bjugn_19-aml,148,5.695,842.880
bjugn_23-pmk_hl_kk.trs,bjugn_23-pmk,119,7.430,884.160
bjugn_23-pmk_hl_kk_akl_et.conc.ort.trs,bjugn_23-pmk,119,7.430,884.160
bodoe_01um-02uk_eo_sb.trs,bodoe_01um-02uk,311,4.205,1307.640
bodoe_01um-02uk_eo_sb_akl_vb.conc.ort.trs,bodoe_01um-02uk,311,4.205,1307.640
bodoe_01um-kb_eo_sb.trs,bodoe_01um-kb,124,3.726,462.080
bodoe_01um-kb_eo_sb_akl_vb.conc.ort.trs,bodoe_01um-kb,124,3.726,462.080
bodoe_02uk-kb_eo_sb.trs,bodoe_02uk-kb,111,5.684,630.960
bodoe_02uk-kb_eo_sb_akl_vb.conc.ort.trs,bodoe_02uk-kb,111,5.684,630.960
bodoe_03gm-04gk_sb_eo.trs,bodoe_03gm-04gk,335,4.264,1428.400
bodoe_03gm-04gk_sb_eo_akl_vb.conc.ort.trs,bodoe_03gm-04gk,335,4.264,1428.400
bodoe_03gm-kb_sb_eo.trs,bodoe_03gm-kb,131,5.555,727.640
bodoe_03gm-kb_sb_eo_akl_vb.conc.ort.trs,bodoe_03gm-kb,131,5.555,727.640
bodoe_04gk-kb_sb_eo.trs,bodoe_04gk-kb,162,4.340,703.160
bodoe_04gk-kb_sb_eo_akl_vb.conc.ort.trs,bodoe_04gk-kb,162,4.340,703.160
boemlo_01um-02uk_amg_sb_lh.trs,boemlo_01um-02uk,325,3.805,1236.502
boemlo_01um-02uk_amg_sb_lh_amg.conc.ort.trs,boemlo_01um-02uk,325,3.805,1236.502
boemlo_01um-sl_amg_sb_lh.trs,boemlo_01um-sl,199,3.746,745.410
boemlo_01um-sl_amg_sb_lh_amg.conc.ort.trs,boemlo_01um-sl,199,3.746,745.410
boemlo_02uk-eo_amg_sb_lh.trs,boemlo_02uk-eo,102,6.488,661.793
boemlo_02uk-eo_amg_sb_lh_amg.conc.ort.trs,boemlo_02uk-eo,102,6.488,661.793
boemlo_03gm-04gk_ahl_lh.trs,boemlo_03gm-04gk,408,3.809,1554.218
boemlo_03gm-04gk_ahl_lh_amg.conc.ort.trs,boemlo_03gm-04gk,408,3.809,1554.218
boemlo_03gm-sl_ahl_lh.trs,boemlo_03gm-sl,221,5.588,1235.033
boemlo_03gm-sl_ahl_lh_amg.conc.ort.trs,boemlo_03gm-sl,221,5.588,1235.033
boemlo_04gk-eo_ahl_lh.trs,boemlo_04gk-eo,148,6.127,906.738
boemlo_04gk-eo_ahl_lh_amg.conc.ort.trs,boemlo_04gk-eo,148,6.127,906.738
botnhamn_03-06_as_mi_sl_as.trs,botnhamn_03-06,413,4.625,1910.120
botnhamn_03-06_as_mi_sl_as_sl_akl.conc.ort.trs,botnhamn_03-06,413,4.625,1910.120
botnhamn_03-mn_mi_as.trs,botnhamn_03-mn,112,6.185,692.720
botnhamn_03-mn_mi_as_kh_akl.conc.ort.trs,botnhamn_03-mn,112,6.185,692.720
botnhamn_06-jbj_as.trs,botnhamn_06-jbj,112,6.110,684.360
botnhamn_06-jbj_as_kh_akl.conc.ort.trs,botnhamn_06-jbj,112,6.110,684.360
brekkom_01um-03gm_amg_eo_as.trs,brekkom_01um-03gm,310,4.557,1412.560
brekkom_01um-03gm_amg_eo_as_ks.conc.ort.trs,brekkom_01um-03gm,310,4.557,1412.560
brekkom_01um-sl_amg_eo_as.trs,brekkom_01um-sl,86,5.441,467.960
brekkom_01um-sl_amg_eo_as_ks_akl.conc.ort.trs,brekkom_01um-sl,86,5.441,467.960
brekkom_02uk-04gk_amg_hcfh_as.trs,brekkom_02uk-04gk,344,3.905,1343.240
brekkom_02uk-04gk_amg_hcfh_as_ks.conc.ort.trs,brekkom_02uk-04gk,344,3.905,1343.240
brekkom_02uk-sl_amg_hcfh_as.trs,brekkom_02uk-sl,96,4.646,446.000
brekkom_02uk-sl_amg_hcfh_as_ks_akl.conc.ort.trs,brekkom_02uk-sl,96,4.646,446.000
brekkom_03gm-sl_amg_eo_as.trs,brekkom_03gm-sl,105,4.050,425.240
brekkom_03gm-sl_amg_eo_as_ks_akl.conc.ort.trs,brekkom_03gm-sl,105,4.050,425.240
brekkom_04gk-iii_amg_hcfh_as.trs,brekkom_04gk-iii,120,6.165,739.760
brekkom_04gk-iii_amg_hcfh_as_ks.conc.ort.trs,brekkom_04gk-iii,120,6.165,739.760
brunlanes_01um-02uk_ahl_amg.trs,brunlanes_01um-02uk,671,2.271,1523.520
brunlanes_01um-02uk_ahl_amg_amg.conc.ort.trs,brunlanes_01um-02uk,671,2.271,1523.520
brunlanes_01um-ifg_ahl_amg.trs,brunlanes_01um-ifg,109,8.173,890.880
brunlanes_01um-ifg_ahl_amg_amg.conc.ort.trs,brunlanes_01um-ifg,109,8.173,890.880
brunlanes_02uk-ifg_ahl_amg.trs,brunlanes_02uk-ifg,161,5.366,864.000
brunlanes_02uk-ifg_ahl_amg_amg.conc.ort.trs,brunlanes_02uk-ifg,161,5.366,864.000
brunlanes_03gm-04gk_ifg_amg.trs,brunlanes_03gm-04gk,469,3.374,1582.560
brunlanes_03gm-04gk_ifg_amg_amg.conc.ort.trs,brunlanes_03gm-04gk,469,3.374,1582.560
brunlanes_03gm-ifg_ifg_amg.trs,brunlanes_03gm-ifg,138,6.080,839.040
brunlanes_03gm-ifg_ifg_amg_amg.conc.ort.trs,brunlanes_03gm-ifg,138,6.080,839.040
brunlanes_04gk-ifg_ifg_amg.trs,brunlanes_04gk-ifg,107,8.999,962.880
brunlanes_04gk-ifg_ifg_amg_amg.conc.ort.trs,brunlanes_04gk-ifg,107,8.999,962.880
bud_01um-02uk_eo_hl_ifg.trs,bud_01um-02uk,485,3.760,1823.360
bud_01um-02uk_eo_hl_ifg_ifg_akl.conc.ort.trs,bud_01um-02uk,485,3.760,1823.360
bud_01um-ma_eo_lh.trs,bud_01um-ma,128,5.224,668.720
bud_01um-ma_eo_lh_ifg_akl.conc.ort.trs,bud_01um-ma,128,5.224,668.720
bud_02uk-ma_eo_hl_ifg.trs,bud_02uk-ma,139,4.856,675.000
bud_02uk-ma_eo_hl_ifg_ifg_akl.conc.ort.trs,bud_02uk-ma,139,4.856,675.000
bud_03gm-04gk_hl_eo.trs,bud_03gm-04gk,370,4.948,1830.920
bud_03gm-04gk_hl_eo_ifg_akl.conc.ort.trs,bud_03gm-04gk,370,4.948,1830.920
bud_03gm-ma_hl_eo.trs,bud_03gm-ma,159,4.827,767.520
bud_03gm-ma_hl_eo_ifg_akl.conc.ort.trs,bud_03gm-ma,159,4.827,767.520
bud_04gk-ma_hl_eo.trs,bud_04gk-ma,115,6.357,731.000
bud_04gk-ma_hl_eo_ifg_akl.conc.ort.trs,bud_04gk-ma,115,6.357,731.000
dalsbygda_01um-02uk_ifg_eo.trs,dalsbygda_01um-02uk,399,3.888,1551.360
dalsbygda_01um-02uk_ifg_eo_eo_akl.conc.ort.trs,dalsbygda_01um-02uk,399,3.888,1551.360
dalsbygda_01um-ifg_ifg_eo.trs,dalsbygda_01um-ifg,140,11.763,1646.880
dalsbygda_01um-ifg_ifg_eo_eo_akl.conc.ort.trs,dalsbygda_01um-ifg,140,11.763,1646.880
dalsbygda_02uk-ifg_ifg_eo.trs,dalsbygda_02uk-ifg,170,4.782,812.880
dalsbygda_02uk-ifg_ifg_eo_eo.conc.ort.trs,dalsbygda_02uk-ifg,170,4.782,812.880
dalsbygda_03gm-04gk_ifg_eo.trs,dalsbygda_03gm-04gk,384,4.289,1646.880
dalsbygda_03gm-04gk_ifg_eo_eo_akl.conc.ort.trs,dalsbygda_03gm-04gk,384,4.289,1646.880
dalsbygda_03gm-ifg_ifg_eo.trs,dalsbygda_03gm-ifg,170,5.507,936.160
dalsbygda_03gm-ifg_ifg_eo_eo_akl.conc.ort.trs,dalsbygda_03gm-ifg,170,5.507,936.160
dalsbygda_04gk-ifg_ifg_eo.trs,dalsbygda_04gk-ifg,249,3.859,960.880
dalsbygda_04gk-ifg_ifg_eo_eo_akl.conc.ort.trs,dalsbygda_04gk-ifg,249,3.859,960.880
darbu_01um-02uk_ifg_amg.trs,darbu_01um-02uk,448,3.673,1645.640
darbu_01um-02uk_ifg_amg_amg.conc.ort.trs,darbu_01um-02uk,448,3.673,1645.640
darbu_01um-sl_ifg_amg.trs,darbu_01um-sl,160,4.681,749.040
darbu_01um-sl_ifg_amg_amg.conc.ort.trs,darbu_01um-sl,160,4.681,749.040
darbu_02uk-ks_ifg_amg.trs,darbu_02uk-ks,124,6.012,745.520
darbu_02uk-ks_ifg_amg_amg.conc.ort.trs,darbu_02uk-ks,124,6.012,745.520
darbu_03gm-04gk_sb_lh.trs,darbu_03gm-04gk,481,2.579,1240.680
darbu_03gm-04gk_sb_lh_amg.conc.ort.trs,darbu_03gm-04gk,481,2.579,1240.680
darbu_03gm-sl_sb_lh.trs,darbu_03gm-sl,165,3.465,571.720
darbu_03gm-sl_sb_lh_amg.conc.ort.trs,darbu_03gm-sl,165,3.465,571.720
darbu_04gk-ks_sb_lh.trs,darbu_04gk-ks,226,3.877,876.280
darbu_04gk-ks_sb_lh_amg.conc.ort.trs,darbu_04gk-ks,226,3.877,876.280
drevsjoe_01um-02uk_lh_as.trs,drevsjoe_01um-02uk,332,3.401,1129.000
drevsjoe_01um-02uk_lh_as_sl_akl.conc.ort.trs,drevsjoe_01um-02uk,332,3.401,1129.000
drevsjoe_01um-ms_amg_as.trs,drevsjoe_01um-ms,124,6.597,818.000
drevsjoe_01um-ms_amg_as_sl_akl.conc.ort.trs,drevsjoe_01um-ms,124,6.597,818.000
drevsjoe_02uk-ms_lh_as.trs,drevsjoe_02uk-ms,72,6.481,466.600
drevsjoe_02uk-ms_lh_as_sl_akl.conc.ort.trs,drevsjoe_02uk-ms,72,6.481,466.600
drevsjoe_03gm-04gk_mi_as.trs,drevsjoe_03gm-04gk,253,4.747,1201.080
drevsjoe_03gm-04gk_mi_as_sl_akl.conc.ort.trs,drevsjoe_03gm-04gk,253,4.747,1201.080
drevsjoe_03gm-ms_lh_sl_as.trs,drevsjoe_03gm-ms,110,7.809,859.000
drevsjoe_03gm-ms_lh_sl_as_sl_akl.conc.ort.trs,drevsjoe_03gm-ms,110,7.809,859.000
drevsjoe_04gk-ms_as_sl_as.trs,drevsjoe_04gk-ms,83,10.691,887.360
drevsjoe_04gk-ms_as_sl_as_sl_akl.conc.ort.trs,drevsjoe_04gk-ms,83,10.691,887.360
eidfjord_01um-02uk_amg_sb_lh.trs,eidfjord_01um-02uk,388,3.741,1451.600
eidfjord_01um-02uk_amg_sb_lh_amg.conc.ort.trs,eidfjord_01um-02uk,388,3.741,1451.600
eidfjord_01um-sl_amg_sb_lh.trs,eidfjord_01um-sl,98,5.894,577.640
eidfjord_01um-sl_amg_sb_lh_amg.conc.ort.trs,eidfjord_01um-sl,98,5.894,577.640
eidfjord_02uk-mi_amg_sb_lh.trs,eidfjord_02uk-mi,166,5.380,893.120
eidfjord_02uk-mi_amg_sb_lh_amg.conc.ort.trs,eidfjord_02uk-mi,166,5.380,893.120
eidfjord_03gm-04gk_sb_lh.trs,eidfjord_04gk-mi,530,3.375,1788.960
eidfjord_03gm-04gk_sb_lh_amg_eo.conc.ort.trs,eidfjord_03gm-04gk,530,3.375,1788.960
eidfjord_03gm-sl_sb_amg.trs,eidfjord_03gm-sl,108,6.544,706.760
eidfjord_03gm-sl_sb_amg_amg_eo.conc.ort.trs,eidfjord_03gm-sl,108,6.544,706.760
eidfjord_04gk-mi_sb_lh.trs,eidfjord_04gk-mi,128,6.302,806.600
eidfjord_04gk-mi_sb_lh_amg_eo.conc.ort.trs,eidfjord_04gk-mi,128,6.302,806.600
enebakk_01um-02uk_kk_eo.trs,enebakk_01um-02uk,359,4.045,1452.000
enebakk_01um-02uk_kk_eo_eo_akl.conc.ort.trs,enebakk_01um-02uk,359,4.045,1452.000
enebakk_01um-ifg_kk_eo.trs,enebakk_01um-ifg,130,5.555,722.120
enebakk_01um-ifg_kk_eo_eo_akl.conc.ort.trs,enebakk_01um-ifg,130,5.555,722.120
enebakk_02uk-ifg_kk_eo.trs,enebakk_02uk-ifg,137,5.463,748.400
enebakk_02uk-ifg_kk_eo_eo_akl.conc.ort.trs,enebakk_02uk-ifg,137,5.463,748.400
enebakk_03gm-04gk_ifg_sb.trs,enebakk_03gm-04gk,498,4.125,2054.320
enebakk_03gm-04gk_ifg_sb_akl_vb.conc.ort.trs,enebakk_03gm-04gk,498,4.125,2054.320
enebakk_03gm-sr_ifg_sb.trs,enebakk_03gm-sr,227,4.899,1112.160
enebakk_03gm-sr_ifg_sb_akl_vb.conc.ort.trs,enebakk_03gm-sr,227,4.899,1112.160
enebakk_04gk-sr_ifg_sb.trs,enebakk_04gk-sr,93,9.765,908.160
enebakk_04gk-sr_ifg_sb_akl_vb.conc.ort.trs,enebakk_04gk-sr,93,9.765,908.160
evje_01um-02uk_eo_lh_lh.trs,evje_01um-02uk,386,3.185,1229.480
evje_01um-02uk_eo_lh_lh_akl.conc.ort.trs,evje_01um-02uk,386,3.185,1229.480
evje_01um-sl_eo_lh.trs,evje_01um-sl,151,5.254,793.320
evje_01um-sl_eo_lh_akl.conc.ort.trs,evje_01um-sl,151,5.254,793.320
evje_02uk-eo_eo_lh.trs,evje_02uk-eo,97,5.907,572.960
evje_02uk-eo_eo_lh_akl.conc.ort.trs,evje_02uk-eo,97,5.907,572.960
evje_03gm-04gk_ifg_lh.trs,evje_03gm-04gk,403,3.113,1254.400
evje_03gm-04gk_ifg_lh_akl.conc.ort.trs,evje_03gm-04gk,403,3.113,1254.400
evje_03gm-sl_ifg_lh.trs,evje_03gm-sl,138,4.917,678.560
evje_03gm-sl_ifg_lh_akl.conc.ort.trs,evje_03gm-sl,138,4.917,678.560
evje_04gk-eo_ifg_lh.trs,evje_04gk-eo,140,5.463,764.880
evje_04gk-eo_ifg_lh_akl.conc.ort.trs,evje_04gk-eo,140,5.463,764.880
flaa_01um-02uk_ifg_eo.trs,flaa_01um-02uk,237,4.675,1107.920
flaa_01um-02uk_ifg_eo_amg.conc.ort.trs,flaa_01um-02uk,237,4.675,1107.920
flaa_01um-sl_ifg_eo.trs,flaa_01um-sl,148,5.371,794.880
flaa_01um-sl_ifg_eo_amg.conc.ort.trs,flaa_01um-sl,148,5.371,794.880
flaa_02uk-amg_ifg_eo.trs,flaa_02uk-amg,132,5.718,754.800
flaa_02uk-amg_ifg_eo_amg.conc.ort.trs,flaa_02uk-amg,132,5.718,754.800
flaa_03gm-04gk_eo_ifg_amg.trs,flaa_03gm-04gk,377,3.783,1426.360
flaa_03gm-04gk_eo_ifg_amg_amg.conc.ort.trs,flaa_03gm-04gk,377,3.783,1426.360
flaa_03gm-sl_eo_ifg_lh.trs,flaa_03gm-sl,95,6.467,614.400
flaa_03gm-sl_eo_ifg_lh_amg.conc.ort.trs,flaa_03gm-sl,95,6.467,614.400
flaa_04gk-amg_eo_ifg_lh.trs,flaa_04gk-amg,152,4.519,686.960
flaa_04gk-amg_eo_ifg_lh_amg.conc.ort.trs,flaa_04gk-amg,152,4.519,686.960
fredrikstad_01um-02uk_eo_ahl_lh.trs,fredrikstad_01um-02uk,578,2.758,1594.080
fredrikstad_01um-02uk_eo_ahl_lh_amg.conc.ort.trs,fredrikstad_01um-02uk,578,2.758,1594.080
fredrikstad_01um-eo_eo_ahl_lh.trs,fredrikstad_01um-eo,134,5.724,767.040
fredrikstad_01um-eo_eo_ahl_lh_amg.conc.ort.trs,fredrikstad_01um-eo,134,5.724,767.040
fredrikstad_02uk-eo_eo_ahl_lh.trs,fredrikstad_02uk-eo,216,4.540,980.640
fredrikstad_02uk-eo_eo_ahl_lh_amg.conc.ort.trs,fredrikstad_02uk-eo,216,4.540,980.640
fredrikstad_03gm-04gk_ahl_amg.trs,fredrikstad_03gm-04gk,352,3.930,1383.360
fredrikstad_03gm-04gk_ahl_amg_amg.conc.ort.trs,fredrikstad_03gm-04gk,352,3.930,1383.360
fredrikstad_03gm-eo_ahl_lh.trs,fredrikstad_03gm-eo,125,6.551,818.880
fredrikstad_03gm-eo_ahl_lh_amg.conc.ort.trs,fredrikstad_03gm-eo,125,6.551,818.880
fredrikstad_04gk-eo_ahl_eo.trs,fredrikstad_04gk-eo,180,4.950,891.000
fredrikstad_04gk-eo_ahl_eo_amg.conc.ort.trs,fredrikstad_04gk-eo,180,4.950,891.000
fusa_01um-02uk_ifg_lh.trs,fusa_01um-02uk,292,3.815,1114.078
fusa_01um-02uk_ifg_lh_amg_akl.conc.ort.trs,fusa_01um-02uk,292,3.815,1114.078
fusa_01um-mi_ifg_amg.trs,fusa_01um-mi,105,7.716,810.208
fusa_01um-mi_ifg_amg_amg_akl.conc.ort.trs,fusa_01um-mi,105,7.716,810.208
fusa_02uk-sl_ifg_amg.trs,fusa_02uk-sl,193,4.348,839.070
fusa_02uk-sl_ifg_amg_amg_akl.conc.ort.trs,fusa_02uk-sl,193,4.348,839.070
fusa_03gm-04gk_amg_lh.trs,fusa_03gm-04gk,214,5.104,1092.223
fusa_03gm-04gk_amg_lh_amg_akl.conc.ort.trs,fusa_03gm-04gk,214,5.104,1092.223
fusa_03gm-mi_amg_lh.trs,fusa_03gm-mi,131,8.388,1098.863
fusa_03gm-mi_amg_lh_amg_akl.conc.ort.trs,fusa_03gm-mi,131,8.388,1098.863
fusa_04gk-sl_amg_lh.trs,fusa_04gk-sl,152,5.035,765.282
fusa_04gk-sl_amg_lh_amg_akl.conc.ort.trs,fusa_04gk-sl,152,5.035,765.282
gauldal_01um-02uk_sb_lh.trs,gauldal_01um-02uk,428,2.972,1272.000
gauldal_01um-02uk_sb_lh_akl_vb.conc.ort.trs,gauldal_01um-02uk,428,2.972,1272.000
gauldal_01um-lks_sb_lh.trs,gauldal_01um-lks,112,6.608,740.080
gauldal_01um-lks_sb_lh_akl_vb.conc.ort.trs,gauldal_01um-lks,112,6.608,740.080
gauldal_02uk-lks_sb_lh.trs,gauldal_02uk-lks,123,5.756,708.000
gauldal_02uk-lks_sb_lh_akl_vb.conc.ort.trs,gauldal_02uk-lks,123,5.756,708.000
gauldal_03gm-04gk_ifg_hl_eo.trs,gauldal_03gm-04gk,408,4.499,1835.440
gauldal_03gm-04gk_ifg_hl_eo_akl_vb.conc.ort.trs,gauldal_03gm-04gk,408,4.499,1835.440
gauldal_03gm-ma_ifg_hl_eo.trs,gauldal_03gm-ma,110,6.423,706.520
gauldal_03gm-ma_ifg_hl_eo_akl_vb.conc.ort.trs,gauldal_03gm-ma,110,6.423,706.520
gauldal_04gk-ma_ifg_hl_eo.trs,gauldal_04gk-ma,119,5.735,682.520
gauldal_04gk-ma_ifg_hl_eo_akl_vb.conc.ort.trs,gauldal_04gk-ma,119,5.735,682.520
gausdal_01um-05um_hcfh_sl_as.trs,gausdal_01um-05um,369,3.413,1259.422
gausdal_01um-05um_hcfh_sl_as_sl.conc.ort.trs,gausdal_01um-05um,369,3.413,1259.422
gausdal_01um-mi_hcfh_as.trs,gausdal_01um-mi,134,7.223,967.880
gausdal_01um-mi_hcfh_as_sl.conc.ort.trs,gausdal_01um-mi,134,7.223,967.880
gausdal_04gk-08gk_hcfh_as.trs,gausdal_04gk-08gk,317,3.784,1199.640
gausdal_04gk-08gk_hcfh_as_sl.conc.ort.trs,gausdal_04gk-08gk,317,3.784,1199.640
gausdal_04gk-sl_hcfh_as_as.trs,gausdal_04gk-sl,179,4.581,820.040
gausdal_04gk-sl_hcfh_as_as_sl.conc.ort.trs,gausdal_04gk-sl,179,4.581,820.040
gausdal_05um-sl_hcfh_as.trs,gausdal_05um-sl,123,5.749,707.160
gausdal_05um-sl_hcfh_as_sl.conc.ort.trs,gausdal_05um-sl,123,5.749,707.160
gausdal_08gk-mi_hcfh_as.trs,gausdal_08gk-mi,190,7.627,1449.160
gausdal_08gk-mi_hcfh_as_sl.conc.ort.trs,gausdal_08gk-mi,190,7.627,1449.160
gjesdal_01um-02uk_ahl_lh.trs,gjesdal_01um-02uk,360,3.843,1383.480
gjesdal_01um-02uk_ahl_lh_sl_akl.conc.ort.trs,gjesdal_01um-02uk,360,3.843,1383.480
gjesdal_01um-jbj_ahl_lh.trs,gjesdal_01um-jbj,286,4.738,1355.000
gjesdal_01um-jbj_ahl_lh_sl_akl.conc.ort.trs,gjesdal_01um-jbj,286,4.738,1355.000
gjesdal_02uk-sr_sr_amg.trs,gjesdal_02uk-sr,150,3.759,563.880
gjesdal_02uk-sr_sr_amg_sl_akl.conc.ort.trs,gjesdal_02uk-sr,150,3.759,563.880
gjesdal_03gm-04gk_sr_eo.trs,gjesdal_03gm-04gk,392,4.672,1831.440
gjesdal_03gm-04gk_sr_eo_sl_akl.conc.ort.trs,gjesdal_03gm-04gk,392,4.672,1831.440
gjesdal_03gm-sr_sr_amg.trs,gjesdal_03gm-sr,127,5.620,713.720
gjesdal_03gm-sr_sr_amg_sl_akl.conc.ort.trs,gjesdal_03gm-sr,127,5.620,713.720
gjesdal_04gk-jbj_ahl_lh.trs,gjesdal_04gk-jbj,168,5.509,925.520
gjesdal_04gk-jbj_ahl_lh_sl.conc.ort.trs,gjesdal_04gk-jbj,168,5.509,925.520
hammerfest_02uk-06uk_ahl_sb.trs,hammerfest_02uk-06uk,156,5.009,781.440
hammerfest_02uk-06uk_ahl_sb_sl_akl.conc.ort.trs,hammerfest_02uk-06uk,156,5.009,781.440
hammerfest_02uk-jbj_ahl_sb.trs,hammerfest_02uk-jbj,247,4.287,1058.880
hammerfest_02uk-jbj_ahl_sb_sl_akl.conc.ort.trs,hammerfest_02uk-jbj,247,4.287,1058.880
hammerfest_03gm-04gk_sb_amg_lh.trs,hammerfest_03gm-04gk,564,3.416,1926.720
hammerfest_03gm-04gk_sb_amg_lh_sl_eo.conc.ort.trs,hammerfest_03gm-04gk,564,3.416,1926.720
hammerfest_03gm-jbj_sb_amg.trs,hammerfest_03gm-jbj,350,3.906,1367.040
hammerfest_03gm-jbj_sb_amg_sl_eo.conc.ort.trs,hammerfest_03gm-jbj,350,3.906,1367.040
hammerfest_04gk-jbj_sb_amg.trs,hammerfest_04gk-jbj,247,5.239,1294.080
hammerfest_04gk-jbj_sb_amg_sl_eo.conc.ort.trs,hammerfest_04gk-jbj,247,5.239,1294.080
hattfjelldal_01um-02uk_ifg_sb.trs,hattfjelldal_01um-02uk,634,4.193,2658.360
hattfjelldal_01um-02uk_ifg_sb_ifg_akl.conc.ort.trs,hattfjelldal_01um-02uk,634,4.193,2658.360
hattfjelldal_01um-ov_ifg_sb.trs,hattfjelldal_01um-ov,153,5.042,771.440
hattfjelldal_01um-ov_ifg_sb_ifg_akl.conc.ort.trs,hattfjelldal_01um-ov,153,5.042,771.440
hattfjelldal_02uk-ov_ifg_sb.trs,hattfjelldal_02uk-ov,161,5.058,814.320
hattfjelldal_02uk-ov_ifg_sb_ifg_akl.conc.ort.trs,hattfjelldal_02uk-ov,161,5.058,814.320
hattfjelldal_03gm-04gk_kk_lh.trs,hattfjelldal_03gm-04gk,653,3.854,2516.720
hattfjelldal_03gm-04gk_kk_lh_ifg_eo.conc.ort.trs,hattfjelldal_03gm-04gk,653,3.854,2516.720
hattfjelldal_03gm-ov_kk_lh.trs,hattfjelldal_03gm-ov,153,5.460,835.440
hattfjelldal_03gm-ov_kk_lh_ifg_eo.conc.ort.trs,hattfjelldal_03gm-ov,153,5.460,835.440
hattfjelldal_04gk-ov_kk_lh.trs,hattfjelldal_04gk-ov,155,6.047,937.280
hattfjelldal_04gk-ov_kk_lh_ifg_eo.conc.ort.trs,hattfjelldal_04gk-ov,155,6.047,937.280
heroeyMR_01um-02uk_hl_lh.trs,heroeyMR_01um-02uk,477,3.928,1873.680
heroeyMR_01um-02uk_hl_lh_eo_akl.conc.ort.trs,heroeyMR_01um-02uk,477,3.928,1873.680
heroeyMR_01um-ta_hl_lh.trs,heroeyMR_01um-ta,108,5.783,624.520
heroeyMR_01um-ta_hl_lh_eo_akl.conc.ort.trs,heroeyMR_01um-ta,108,5.783,624.520
heroeyMR_02uk-ta_hl_lh.trs,heroeyMR_02uk-ta,90,5.061,455.520
heroeyMR_02uk-ta_hl_lh_eo_akl.conc.ort.trs,heroeyMR_02uk-ta,90,5.061,455.520
heroeyMR_03gm-04gk_kk_ifg.trs,heroeyMR_03gm-04gk,392,4.293,1683.000
heroeyMR_03gm-04gk_kk_ifg_eo_akl.conc.ort.trs,heroeyMR_03gm-04gk,392,4.293,1683.000
heroeyMR_03gm-ta_kk_hl.trs,heroeyMR_03gm-ta,122,6.024,734.880
heroeyMR_03gm-ta_kk_hl_akl_et.conc.ort.trs,heroeyMR_03gm-ta,122,6.024,734.880
heroeyMR_04gk-ta_kk_hl.trs,heroeyMR_04gk-ta,123,4.600,565.760
heroeyMR_04gk-ta_kk_hl_akl_et.conc.ort.trs,heroeyMR_04gk-ta,123,4.600,565.760
heroeyN_01um-02uk_kk_ifg.trs,heroeyN_01um-02uk,470,3.481,1635.880
heroeyN_01um-02uk_kk_ifg_sl_akl.conc.ort.trs,heroeyN_01um-02uk,470,3.481,1635.880
heroeyN_01um-kh_kk_ifg.trs,heroeyN_01um-kh,116,4.525,524.920
heroeyN_01um-kh_kk_ifg_sl_akl.conc.ort.trs,heroeyN_01um-kh,116,4.525,524.920
heroeyN_02uk-kh_kk_ifg.trs,heroeyN_02uk-kh,146,3.962,578.480
heroeyN_02uk-kh_kk_ifg_sl_akl.conc.ort.trs,heroeyN_02uk-kh,146,3.962,578.480
heroeyN_03gm-04gk_kk_sb.trs,heroeyN_03gm-04gk,494,3.968,1960.320
heroeyN_03gm-04gk_kk_sb_sl_akl.conc.ort.trs,heroeyN_03gm-04gk,494,3.968,1960.320
heroeyN_03gm-kh_kk_sb.trs,heroeyN_03gm-kh,152,5.628,855.400
heroeyN_03gm-kh_kk_sb_sl_akl.conc.ort.trs,heroeyN_03gm-kh,152,5.628,855.400
heroeyN_04gk-kh_kk_sb.trs,heroeyN_04gk-kh,145,4.928,714.600
heroeyN_04gk-kh_kk_sb_sl_akl.conc.ort.trs,heroeyN_04gk-kh,145,4.928,714.600
hjartdal_01um-02uk_mi_lh.trs,hjartdal_01um-02uk,458,2.968,1359.440
hjartdal_01um-02uk_mi_lh_amg.conc.ort.trs,hjartdal_01um-02uk,458,2.968,1359.440
hjartdal_01um-as_mi_lh.trs,hjartdal_01um-as,74,6.515,482.120
hjartdal_01um-as_mi_lh_amg.conc.ort.trs,hjartdal_01um-as,74,6.515,482.120
hjartdal_02uk-as_mi_lh.trs,hjartdal_02uk-as,102,5.277,538.280
hjartdal_02uk-as_mi_lh_amg.conc.ort.trs,hjartdal_02uk-as,102,5.277,538.280
hjartdal_03gm-04gk_lh_amg.trs,hjartdal_03gm-04gk,343,5.310,1821.280
hjartdal_03gm-04gk_lh_amg_amg.conc.ort.trs,hjartdal_03gm-04gk,343,5.310,1821.280
hjartdal_03gm-sl_lh_amg_mi.trs,hjartdal_03gm-sl,140,5.769,807.680
hjartdal_03gm-sl_lh_amg_mi_amg.conc.ort.trs,hjartdal_03gm-sl,140,5.769,807.680
hjartdal_04gk-sl_lh_amg_mi.trs,hjartdal_04gk-sl,167,4.491,750.000
hjartdal_04gk-sl_lh_amg_mi_amg.conc.ort.trs,hjartdal_04gk-sl,167,4.491,750.000
hjelmeland_01um-02uk_ahl_amg.trs,hjelmeland_01um-02uk,386,3.207,1237.840
hjelmeland_01um-02uk_ahl_amg_akl.conc.ort.trs,hjelmeland_01um-02uk,386,3.207,1237.840
hjelmeland_01um-sr_amg_ahl_lh.trs,hjelmeland_01um-sr,107,6.311,675.240
hjelmeland_01um-sr_amg_ahl_lh_akl.conc.ort.trs,hjelmeland_01um-sr,107,6.311,675.240
hjelmeland_02uk-ks_ahl_amg.trs,hjelmeland_02uk-ks,117,6.069,710.080
hjelmeland_02uk-ks_ahl_amg_akl.conc.ort.trs,hjelmeland_02uk-ks,117,6.069,710.080
hjelmeland_03gm-04gk_amg_ahl_lh.trs,hjelmeland_03gm-04gk,386,4.143,1599.360
hjelmeland_03gm-04gk_amg_ahl_lh_akl.conc.ort.trs,hjelmeland_03gm-04gk,386,4.143,1599.360
hjelmeland_03gm-sr_ahl_amg.trs,hjelmeland_03gm-sr,136,5.440,739.880
hjelmeland_03gm-sr_ahl_amg_akl.conc.ort.trs,hjelmeland_03gm-sr,136,5.440,739.880
hjelmeland_04gk-ks_amg_ahl_lh.trs,hjelmeland_04gk-ks,125,6.377,797.160
hjelmeland_04gk-ks_amg_ahl_lh_akl.conc.ort.trs,hjelmeland_04gk-ks,125,6.377,797.160
hof_01um-02uk_ifg_eo.trs,hof_01um-02uk,599,2.516,1507.000
hof_01um-02uk_ifg_eo_sl_vb.conc.ort.trs,hof_01um-02uk,599,2.516,1507.000
hof_01um-sb_ifg_eo.trs,hof_01um-sb,216,3.809,822.720
hof_01um-sb_ifg_eo_sl_vb.conc.ort.trs,hof_01um-sb,216,3.809,822.720
hof_02uk-sb_ifg_eo.trs,hof_02uk-sb,106,6.818,722.680
hof_02uk-sb_ifg_eo_sl_vb.conc.ort.trs,hof_02uk-sb,106,6.818,722.680
hof_03gm-04gk_eo_sb.trs,hof_03gm-04gk,648,2.652,1718.760
hof_03gm-04gk_eo_sb_sl_vb.conc.ort.trs,hof_03gm-04gk,648,2.652,1718.760
hof_04gk-sb_eo_sb.trs,hof_04gk-sb,257,3.414,877.320
hof_04gk-sb_eo_sb_sl_vb.conc.ort.trs,hof_04gk-sb,257,3.414,877.320
hyllestad_01um-ov_ifg_lh_eo.trs,hyllestad_01um-ov,145,4.241,614.880
hyllestad_01um-ov_ifg_lh_eo_sl.conc.ort.trs,hyllestad_01um-ov,145,4.241,614.880
hyllestad_02uk-ov_ifg_lh_eo.trs,hyllestad_02uk-ov,129,3.949,509.360
hyllestad_02uk-ov_ifg_lh_eo_sl.conc.ort.trs,hyllestad_02uk-ov,129,3.949,509.360
hyllestad_03gm-04gk_ifg_lh_eo.trs,hyllestad_03gm-04gk,726,2.622,1903.280
hyllestad_03gm-04gk_ifg_lh_eo_sl.conc.ort.trs,hyllestad_03gm-04gk,727,2.618,1903.280
hyllestad_03gm-ov_ifg_lh_eo.trs,hyllestad_03gm-ov,243,3.877,942.000
hyllestad_03gm-ov_ifg_lh_eo_sl.conc.ort.trs,hyllestad_03gm-ov,243,3.877,942.000
hyllestad_04gk-ov_ifg_lh_eo.trs,hyllestad_04gk-ov,178,4.483,798.000
hyllestad_04gk-ov_ifg_lh_eo_sl.conc.ort.trs,hyllestad_04gk-ov,178,4.483,798.000
inderoey_01um-02uk_kk_sb.trs,inderoey_01um-02uk,454,2.682,1217.760
inderoey_01um-02uk_kk_sb_akl_et.conc.ort.trs,inderoey_01um-02uk,454,2.682,1217.760
inderoey_01um-ta_kk_sb.trs,inderoey_01um-ta,127,5.428,689.400
inderoey_01um-ta_kk_sb_akl_et.conc.ort.trs,inderoey_01um-ta,127,5.428,689.400
inderoey_02uk-ta_kk_sb.trs,inderoey_02uk-ta,140,4.652,651.280
inderoey_02uk-ta_kk_sb_akl_et.conc.ort.trs,inderoey_02uk-ta,140,4.652,651.280
inderoey_03gm-04gk_ifg_sb.trs,inderoey_03gm-04gk,531,2.584,1372.320
inderoey_03gm-04gk_ifg_sb_akl_eo.conc.ort.trs,inderoey_03gm-04gk,531,2.584,1372.320
inderoey_03gm-cbo_ifg_sb.trs,inderoey_03gm-cbo,118,5.496,648.520
inderoey_03gm-cbo_ifg_sb_akl_et.conc.ort.trs,inderoey_03gm-cbo,118,5.496,648.520
inderoey_04gk-cbo_ifg_sb.trs,inderoey_04gk-cbo,147,4.388,645.040
inderoey_04gk-cbo_ifg_sb_akl_et.conc.ort.trs,inderoey_04gk-cbo,147,4.388,645.040
jevnaker_01um-02uk_hcfh_mi_lh.trs,jevnaker_01um-02uk,298,4.248,1266.000
jevnaker_01um-02uk_hcfh_mi_lh_sl.conc.ort.trs,jevnaker_01um-02uk,298,4.248,1266.000
jevnaker_01um-lh_hcfh_mi.trs,jevnaker_01um-lh,143,4.779,683.360
jevnaker_01um-lh_hcfh_mi_sl.conc.ort.trs,jevnaker_01um-lh,143,4.779,683.360
jevnaker_02uk-lh_hcfh_mi.trs,jevnaker_02uk-lh,163,4.712,768.000
jevnaker_02uk-lh_hcfh_mi_sl.conc.ort.trs,jevnaker_02uk-lh,163,4.712,768.000
jevnaker_03gm-04gk_sb_mi.trs,jevnaker_03gm-04gk,447,2.487,1111.760
jevnaker_03gm-04gk_sb_mi_sl.conc.ort.trs,jevnaker_03gm-04gk,447,2.487,1111.760
jevnaker_03gm-sr_sb_lh.trs,jevnaker_03gm-sr,216,4.939,1066.920
jevnaker_03gm-sr_sb_lh_sl.conc.ort.trs,jevnaker_03gm-sr,216,4.939,1066.920
jevnaker_04gk-sl_sb_lh.trs,jevnaker_04gk-sl,163,3.759,612.680
jevnaker_04gk-sl_sb_lh_sl.conc.ort.trs,jevnaker_04gk-sl,163,3.759,612.680
joelster_01um-04gk_sb_lh.trs,joelster_01um-04gk,354,4.746,1679.960
joelster_01um-04gk_sb_lh_amg.conc.ort.trs,joelster_01um-04gk,354,4.746,1679.960
joelster_01um-ov_lh_mi_lh.trs,joelster_01um-ov,125,5.396,674.560
joelster_01um-ov_lh_mi_lh_amg_eo.conc.ort.trs,joelster_01um-ov,125,5.396,674.560
joelster_02uk-03gm_sb_lh.trs,joelster_02uk-03gm,537,3.379,1814.360
joelster_02uk-03gm_sb_lh_amg.conc.ort.trs,joelster_02uk-03gm,537,3.379,1814.360
joelster_02uk-ov_lh_mi_lh.trs,joelster_02uk-ov,127,4.954,629.120
joelster_02uk-ov_lh_mi_lh_amg.conc.ort.trs,joelster_02uk-ov,127,4.954,629.120
joelster_03gm-ov_sb_lh.trs,joelster_03gm-ov,131,7.393,968.480
joelster_03gm-ov_sb_lh_amg.conc.ort.trs,joelster_03gm-ov,131,7.393,968.480
joelster_04gk-ov_sb_lh.trs,joelster_04gk-ov,115,5.125,589.400
joelster_04gk-ov_sb_lh_amg_eo.conc.ort.trs,joelster_04gk-ov,115,5.125,589.400
kaafjord_01um-02uk_mi_eo.trs,kaafjord_01um-02uk,576,3.483,2006.040
kaafjord_01um-02uk_mi_eo_eo_akl.conc.ort.trs,kaafjord_01um-02uk,576,3.483,2006.040
kaafjord_01um-amj_mi_eo.trs,kaafjord_01um-amj,180,4.967,894.000
kaafjord_01um-amj_mi_eo_eo_akl.conc.ort.trs,kaafjord_01um-amj,180,4.967,894.000
kaafjord_02uk-amj_mi_eo.trs,kaafjord_02uk-amj,306,4.039,1236.000
kaafjord_02uk-amj_mi_eo_eo_akl.conc.ort.trs,kaafjord_02uk-amj,306,4.039,1236.000
kaafjord_03gm-04gk_eo_ifg.trs,kaafjord_03gm-04gk,424,4.933,2091.400
kaafjord_03gm-04gk_eo_ifg_eo_akl.conc.ort.trs,kaafjord_03gm-04gk,424,4.933,2091.400
kaafjord_03gm-amj_eo_ifg.trs,kaafjord_03gm-amj,185,4.638,858.000
kaafjord_03gm-amj_eo_ifg_eo_akl.conc.ort.trs,kaafjord_03gm-amj,185,4.638,858.000
kaafjord_04gk-amj_eo_ifg.trs,kaafjord_04gk-amj,144,7.375,1062.000
kaafjord_04gk-amj_eo_ifg_eo_akl.conc.ort.trs,kaafjord_04gk-amj,144,7.375,1062.000
kaafjord_07gm-amj_eo_ifg.trs,kaafjord_07gm-amj,344,4.489,1544.200
kaafjord_07gm-amj_eo_ifg_eo_akl.conc.ort.trs,kaafjord_07gm-amj,344,4.489,1544.200
kalvaag_01um-02uk_ifg_lh.trs,kalvaag_01um-02uk,364,3.231,1176.000
kalvaag_01um-02uk_ifg_lh_amg_eo.conc.ort.trs,kalvaag_01um-02uk,364,3.231,1176.000
kalvaag_01um-ov_ifg_lh.trs,kalvaag_01um-ov,97,4.583,444.520
kalvaag_01um-ov_ifg_lh_amg_eo.conc.ort.trs,kalvaag_01um-ov,97,4.583,444.520
kalvaag_02uk-ov_ifg_lh.trs,kalvaag_02uk-ov,108,4.494,485.400
kalvaag_02uk-ov_ifg_lh_amg_eo.conc.ort.trs,kalvaag_02uk-ov,108,4.494,485.400
kalvaag_03gm-04gk_sr_lh.trs,kalvaag_03gm-04gk,397,4.042,1604.760
kalvaag_03gm-04gk_sr_lh_amg_akl.conc.ort.trs,kalvaag_03gm-04gk,397,4.042,1604.760
kalvaag_03gm-ov_sr_lh.trs,kalvaag_03gm-ov,232,6.517,1512.000
kalvaag_03gm-ov_sr_lh_amg_akl.conc.ort.trs,kalvaag_03gm-ov,232,6.517,1512.000
kalvaag_04gk-ov_sr_lh.trs,kalvaag_04gk-ov,205,6.027,1235.480
kalvaag_04gk-ov_sr_lh_amg_akl.conc.ort.trs,kalvaag_04gk-ov,205,6.027,1235.480
karlsoey_01um-02uk_ahl_amg.trs,karlsoey_01um-02uk,447,4.070,1819.200
karlsoey_01um-02uk_ahl_amg_sl_akl.conc.ort.trs,karlsoey_01um-02uk,447,4.070,1819.200
karlsoey_01um-kb_ahl_amg.trs,karlsoey_01um-kb,116,4.491,521.000
karlsoey_01um-kb_ahl_amg_sl_akl.conc.ort.trs,karlsoey_01um-kb,116,4.491,521.000
karlsoey_02uk-kb_ahl_amg.trs,karlsoey_02uk-kb,137,4.943,677.240
karlsoey_02uk-kb_ahl_amg_sl_akl.conc.ort.trs,karlsoey_02uk-kb,137,4.943,677.240
karlsoey_03gm-kb_ahl_sb.trs,karlsoey_03gm-kb,183,4.533,829.560
karlsoey_03gm-kb_ahl_sb_sl_eo.conc.ort.trs,karlsoey_03gm-kb,183,4.533,829.560
karmoey_01um-02uk_sr_sb_sr.trs,karmoey_01um-02uk,554,2.715,1504.368
karmoey_01um-02uk_sr_sb_sr_sl_akl.conc.ort.trs,karmoey_01um-02uk,554,2.715,1504.368
karmoey_01um-sr_ahl_amg_sr.trs,karmoey_01um-sr,217,4.070,883.182
karmoey_01um-sr_ahl_amg_sr_sl_akl.conc.ort.trs,karmoey_01um-sr,217,4.070,883.182
karmoey_02uk-ks_sr_lh.trs,karmoey_02uk-ks,151,4.214,636.302
karmoey_02uk-ks_sr_lh_sl_akl.conc.ort.trs,karmoey_02uk-ks,151,4.214,636.302
karmoey_03gm-04gk_ahl_amg.trs,karmoey_03gm-04gk,451,3.677,1658.240
karmoey_03gm-04gk_ahl_amg_sl_akl.conc.ort.trs,karmoey_03gm-04gk,451,3.677,1658.240
karmoey_03gm-sr_sr_sb_amg.trs,karmoey_03gm-sr,199,4.921,979.378
karmoey_03gm-sr_sr_sb_amg_sl_akl.conc.ort.trs,karmoey_03gm-sr,199,4.921,979.378
karmoey_04gk-ks_ahl_amg.trs,karmoey_04gk-ks,134,5.566,745.778
karmoey_04gk-ks_ahl_amg_sl_akl.conc.ort.trs,karmoey_04gk-ks,134,5.566,745.778
kautokeino_01um-03gm_kk_ifg.trs,kautokeino_01um-03gm,341,5.032,1715.920
kautokeino_01um-03gm_kk_ifg_eo_vb.conc.ort.trs,kautokeino_01um-03gm,341,5.032,1715.920
kautokeino_01um-ov_kk_eo.trs,kautokeino_01um-ov,141,5.428,765.320
kautokeino_01um-ov_kk_eo_eo_vb.conc.ort.trs,kautokeino_01um-ov,141,5.428,765.320
kautokeino_02uk-04gk_kk_ifg.trs,kautokeino_02uk-04gk,618,3.591,2219.240
kautokeino_02uk-04gk_kk_ifg_akl_vb.conc.ort.trs,kautokeino_02uk-04gk,618,3.591,2219.240
kautokeino_02uk-ov_kk_eo.trs,kautokeino_02uk-ov,204,4.650,948.520
kautokeino_02uk-ov_kk_eo_eo_vb.conc.ort.trs,kautokeino_02uk-ov,204,4.650,948.520
kautokeino_03gm-ov_hl_kk.trs,kautokeino_03gm-ov,135,5.658,763.800
kautokeino_03gm-ov_hl_kk_akl_vb.conc.ort.trs,kautokeino_03gm-ov,135,5.658,763.800
kautokeino_04gk-ov_hl_kk.trs,kautokeino_04gk-ov,202,4.882,986.200
kautokeino_04gk-ov_hl_kk_eo_vb.conc.ort.trs,kautokeino_04gk-ov,202,4.882,986.200
kirkenaer_01um-05um_hcfh_eo_sl_as.trs,kirkenaer_01um-05um,476,3.681,1752.000
kirkenaer_01um-05um_hcfh_eo_sl_as_sl_akl_eo.conc.ort.trs,kirkenaer_01um-05um,476,3.681,1752.000
kirkenaer_01um-mj_hcfh_eo_as.trs,kirkenaer_01um-mj,139,4.799,667.040
kirkenaer_01um-mj_hcfh_eo_as_sl_akl_eo.conc.ort.trs,kirkenaer_01um-mj,139,4.799,667.040
kirkenaer_04gk-08gk_hcfh_lh_sl.trs,kirkenaer_04gk-08gk,383,3.713,1422.000
kirkenaer_04gk-08gk_hcfh_lh_sl_sl_akl_eo.conc.ort.trs,kirkenaer_04gk-08gk,383,3.713,1422.000
kirkenaer_04gk-mj_hcfh_eo_as.trs,kirkenaer_04gk-mj,124,5.059,627.320
kirkenaer_04gk-mj_hcfh_eo_as_sl_akl_eo.conc.ort.trs,kirkenaer_04gk-mj,124,5.059,627.320
kirkenaer_05um-mj_hcfh_eo_as.trs,kirkenaer_05um-mj,174,4.112,715.440
kirkenaer_05um-mj_hcfh_eo_as_s_akl_eo.conc.ort.trs,kirkenaer_05um-mj,174,4.112,715.440
kirkenaer_08gk-mj_hcfh_eo_sl.trs,kirkenaer_08gk-mj,175,5.851,1023.920
kirkenaer_08gk-mj_hcfh_eo_sl_sl_akl_eo.conc.ort.trs,kirkenaer_08gk-mj,175,5.851,1023.920
kirkenes_01um-02uk_hl_eo.trs,kirkenes_01um-02uk,767,3.528,2705.760
kirkenes_01um-02uk_hl_eo_eo_vb.conc.ort.trs,kirkenes_01um-02uk,767,3.528,2705.760
kirkenes_01um-kb_hl_kk.trs,kirkenes_01um-kb,160,4.540,726.440
kirkenes_01um-kb_hl_kk_eo_vb.conc.ort.trs,kirkenes_01um-kb,160,4.540,726.440
kirkenes_02uk-kb_hl_kk.trs,kirkenes_02uk-kb,169,5.151,870.560
kirkenes_02uk-kb_hl_kk_eo_vb.conc.ort.trs,kirkenes_02uk-kb,169,5.151,870.560
kirkenes_03gm-04gk_kk_lh_ifg.trs,kirkenes_03gm-04gk,533,3.885,2070.720
kirkenes_03gm-04gk_kk_lh_ifg_eo_vb.conc.ort.trs,kirkenes_03gm-04gk,533,3.885,2070.720
kirkenes_03gm-kb_kk_lh.trs,kirkenes_03gm-kb,137,5.667,776.400
kirkenes_03gm-kb_kk_lh_eo_vb.conc.ort.trs,kirkenes_03gm-kb,137,5.667,776.400
kirkenes_04gk-kb_kk_lh.trs,kirkenes_04gk-kb,181,3.530,638.840
kirkenes_04gk-kb_kk_lh_eo_vb.conc.ort.trs,kirkenes_04gk-kb,181,3.530,638.840
kirkesdalen_01um-02uk_ahl_sb_lh.trs,kirkesdalen_01um-02uk,528,2.820,1489.200
kirkesdalen_01um-02uk_ahl_sb_lh_sl_vb.conc.ort.trs,kirkesdalen_01um-02uk,528,2.820,1489.200
kirkesdalen_01um-hna_lh_sb.trs,kirkesdalen_01um-hna,221,5.265,1163.640
kirkesdalen_01um-hna_lh_sb_sl_vb.conc.ort.trs,kirkesdalen_01um-hna,221,5.265,1163.640
kirkesdalen_02uk-hna_ahl_sb_lh.trs,kirkesdalen_02uk-hna,213,6.937,1477.640
kirkesdalen_02uk-hna_ahl_sb_lh_sl_vb.conc.ort.trs,kirkesdalen_02uk-hna,213,6.937,1477.640
kirkesdalen_03gm-04gk_sb_lh.trs,kirkesdalen_03gm-04gk,359,5.674,2036.960
kirkesdalen_03gm-04gk_sb_lh_sl_vb.conc.ort.trs,kirkesdalen_03gm-04gk,359,5.674,2036.960
kirkesdalen_03gm-hna_sb_lh.trs,kirkesdalen_03gm-hna,140,7.566,1059.280
kirkesdalen_03gm-hna_sb_lh_sl_vb.conc.ort.trs,kirkesdalen_03gm-hna,140,7.566,1059.280
kirkesdalen_04gk-hna_sb_lh.trs,kirkesdalen_04gk-hna,167,6.262,1045.720
kirkesdalen_04gk-hna_sb_lh_sl_vb.conc.ort.trs,kirkesdalen_04gk-hna,167,6.262,1045.720
kjoellefjord_01um-02uk_ahl_sb.trs,kjoellefjord_01um-02uk,699,3.312,2314.960
kjoellefjord_01um-02uk_ahl_sb_sl.conc.ort.trs,kjoellefjord_01um-02uk,699,3.312,2314.960
kjoellefjord_01um-jbj_ahl_sb.trs,kjoellefjord_01um-jbj,201,4.213,846.720
kjoellefjord_01um-jbj_ahl_sb_sl.conc.ort.trs,kjoellefjord_01um-jbj,201,4.213,846.720
kjoellefjord_02uk-jbj_ahl_sb.trs,kjoellefjord_02uk-jbj,221,3.901,862.080
kjoellefjord_02uk-jbj_ahl_sb_sl.conc.ort.trs,kjoellefjord_02uk-jbj,221,3.901,862.080
kjoellefjord_03gm-04gk_sb_amg_lh.trs,kjoellefjord_03gm-04gk,776,3.091,2398.560
kjoellefjord_03gm-04gk_sb_amg_lh_eo_eo.conc.ort.trs,kjoellefjord_03gm-04gk,776,3.091,2398.560
kjoellefjord_03gm-jbj_sb_amg.trs,kjoellefjord_03gm-jbj,290,3.853,1117.440
kjoellefjord_03gm-jbj_sb_amg_sl_eo.conc.ort.trs,kjoellefjord_03gm-jbj,290,3.853,1117.440
kjoellefjord_04gk-jbj_sb_amg.trs,kjoellefjord_04gk-jbj,290,4.691,1360.320
kjoellefjord_04gk-jbj_sb_amg_sl_eo.conc.ort.trs,kjoellefjord_04gk-jbj,290,4.691,1360.320
kristiansand_01um-02uk_eo_lh.trs,kristiansand_01um-02uk,409,2.991,1223.520
kristiansand_01um-02uk_eo_lh_akl_et.conc.ort.trs,kristiansand_01um-02uk,409,2.991,1223.520
kristiansand_01um-mi_eo_lh.trs,kristiansand_01um-mi,95,6.827,648.520
kristiansand_01um-mi_eo_lh_akl_vb.conc.ort.trs,kristiansand_01um-mi,95,6.827,648.520
kristiansand_02uk-sl_eo_ifg_lh.trs,kristiansand_02uk-sl,101,20.410,2061.440
kristiansand_02uk-sl_eo_ifg_lh_akl_et.conc.ort.trs,kristiansand_02uk-sl,101,20.410,2061.440
kristiansand_03gm-04gk_ifg_lh_lh.trs,kristiansand_03gm-04gk,330,3.542,1168.760
kristiansand_03gm-04gk_ifg_lh_lh_akl_eo.conc.ort.trs,kristiansand_03gm-04gk,330,3.542,1168.760
kristiansand_03gm-sl_ifg_eo.trs,kristiansand_03gm-sl,134,13.164,1763.960
kristiansand_03gm-sl_ifg_eo_akl_eo.conc.ort.trs,kristiansand_03gm-sl,134,13.164,1763.960
kristiansand_04gk-mi_ifg_eo.trs,kristiansand_04gk-mi,138,5.662,781.320
kristiansand_04gk-mi_ifg_eo_akl_eo.conc.ort.trs,kristiansand_04gk-mi,138,5.662,781.320
kvaefjord_01um-02uk_ifg_sb_amg.trs,kvaefjord_01um-02uk,573,3.457,1980.840
kvaefjord_01um-02uk_ifg_sb_amg_akl_eo.conc.ort.trs,kvaefjord_01um-02uk,573,3.457,1980.840
kvaefjord_01um-ov_ifg_sb_amg.trs,kvaefjord_01um-ov,106,6.432,681.840
kvaefjord_01um-ov_ifg_sb_amg_akl_eo.conc.ort.trs,kvaefjord_01um-ov,106,6.432,681.840
kvaefjord_02uk-ov_ifg_sb_amg.trs,kvaefjord_02uk-ov,101,4.431,447.560
kvaefjord_02uk-ov_ifg_sb_amg_akl_eo.conc.ort.trs,kvaefjord_02uk-ov,101,4.431,447.560
kvaefjord_03gm-04gk_sb_amg.trs,kvaefjord_03gm-04gk,580,3.777,2190.680
kvaefjord_03gm-04gk_sb_amg_akl_eo.conc.ort.trs,kvaefjord_03gm-04gk,580,3.777,2190.680
kvaefjord_03gm-ov_sb_amg.trs,kvaefjord_03gm-ov,105,7.324,769.040
kvaefjord_03gm-ov_sb_amg_akl_eo.conc.ort.trs,kvaefjord_03gm-ov,105,7.324,769.040
kvaefjord_04gk-ov_sb_amg.trs,kvaefjord_04gk-ov,131,5.705,747.360
kvaefjord_04gk-ov_sb_amg_akl_eo.conc.ort.trs,kvaefjord_04gk-ov,131,5.705,747.360
kvaenangen_01um-02uk_kk_ifg.trs,kvaenangen_01um-02uk,712,3.818,2718.200
kvaenangen_01um-02uk_kk_ifg_akl_eo.conc.ort.trs,kvaenangen_01um-02uk,712,3.818,2718.200
kvaenangen_01um-ov_kk_eo.trs,kvaenangen_01um-ov,157,4.472,702.040
kvaenangen_01um-ov_kk_eo_eo_akl.conc.ort.trs,kvaenangen_01um-ov,157,4.472,702.040
kvaenangen_02uk-ov_kk_eo.trs,kvaenangen_02uk-ov,153,4.447,680.440
kvaenangen_02uk-ov_kk_eo_eo_akl.conc.ort.trs,kvaenangen_02uk-ov,153,4.447,680.440
kvaenangen_03gm-04gk_eo_kk.trs,kvaenangen_03gm-04gk,574,4.083,2343.480
kvaenangen_03gm-04gk_eo_kk_akl_et.conc.ort.trs,kvaenangen_03gm-04gk,574,4.083,2343.480
kvaenangen_03gm-ov_eo_ifg.trs,kvaenangen_03gm-ov,189,4.642,877.320
kvaenangen_03gm-ov_eo_ifg_eo_et.conc.ort.trs,kvaenangen_03gm-ov,189,4.642,877.320
kvaenangen_04gk-ov_eo_kk.trs,kvaenangen_04gk-ov,158,5.834,921.760
kvaenangen_04gk-ov_eo_kk_akl_et.conc.ort.trs,kvaenangen_04gk-ov,158,5.834,921.760
kvam_03gm-sl_sb_lh.trs,kvam_03gm-sl,206,3.850,793.000
kvam_03gm-sl_sb_lh_ifg_vb.conc.ort.trs,kvam_03gm-sl,206,3.850,793.000
kvam_04gk-mi_sb_lh.trs,kvam_04gk-mi,250,5.446,1361.480
kvam_04gk-mi_sb_lh_ifg_vb.conc.ort.trs,kvam_04gk-mi,250,5.446,1361.480
kvinnherad_01um-02uk_amg_ahl_lh.trs,kvinnherad_01um-02uk,352,4.306,1515.813
kvinnherad_01um-02uk_amg_ahl_lh_sl_eo.conc.ort.trs,kvinnherad_01um-02uk,352,4.306,1515.813
kvinnherad_01um-sl_amg_ahl_lh.trs,kvinnherad_01um-sl,127,6.017,764.130
kvinnherad_01um-sl_amg_ahl_lh_sl_eo.conc.ort.trs,kvinnherad_01um-sl,127,6.017,764.130
kvinnherad_02uk-eo_amg_ahl_lh.trs,kvinnherad_02uk-eo,88,6.451,567.700
kvinnherad_02uk-eo_amg_ahl_lh_sl_eo.conc.ort.trs,kvinnherad_02uk-eo,88,6.451,567.700
kvinnherad_03gm-04gk_eo_sb.trs,kvinnherad_03gm-04gk,315,3.288,1035.833
kvinnherad_03gm-04gk_eo_sb_sl_vb.conc.ort.trs,kvinnherad_03gm-04gk,315,3.288,1035.833
kvinnherad_03gm-sl_amg_lh.trs,kvinnherad_03gm-sl,188,4.542,853.952
kvinnherad_03gm-sl_amg_lh_sl_vb.conc.ort.trs,kvinnherad_03gm-sl,188,4.542,853.952
kvinnherad_04gk-eo_amg_lh.trs,kvinnherad_04gk-eo,149,3.904,581.713
kvinnherad_04gk-eo_amg_lh_lh_vb.conc.ort.trs,kvinnherad_04gk-eo,149,3.904,581.713
lakselv_01um-02uk_hl_eo.trs,lakselv_01um-02uk,503,4.588,2307.640
lakselv_01um-02uk_hl_eo_eo_vb.conc.ort.trs,lakselv_01um-02uk,503,4.588,2307.640
lakselv_01um-ov_hl_eo.trs,lakselv_01um-ov,133,6.250,831.280
lakselv_01um-ov_hl_eo_eo_vb.conc.ort.trs,lakselv_01um-ov,133,6.250,831.280
lakselv_02uk-ov_hl_eo.trs,lakselv_02uk-ov,119,5.471,651.040
lakselv_02uk-ov_hl_eo_eo_vb.conc.ort.trs,lakselv_02uk-ov,119,5.471,651.040
lakselv_03gm-04gk_ifg_kk.trs,lakselv_03gm-04gk,635,4.096,2601.160
lakselv_03gm-04gk_ifg_kk_vb.conc.ort.trs,lakselv_03gm-04gk,635,4.096,2601.160
lakselv_03gm-ov_ifg_eo.trs,lakselv_03gm-ov,195,5.708,1113.080
lakselv_03gm-ov_ifg_eo_eo_vb.conc.ort.trs,lakselv_03gm-ov,195,5.708,1113.080
lakselv_04gk-ov_ifg_eo.trs,lakselv_04gk-ov,194,5.074,984.360
lakselv_04gk-ov_ifg_eo_eo_vb.conc.ort.trs,lakselv_04gk-ov,194,5.074,984.360
landvik_01um-02uk_sb_amg.trs,landvik_01um-02uk,337,3.205,1080.000
landvik_01um-02uk_sb_amg_akl.conc.ort.trs,landvik_01um-02uk,337,3.205,1080.000
landvik_01um-lh_sb_amg.trs,landvik_01um-lh,189,3.850,727.680
landvik_01um-lh_sb_amg_akl.conc.ort.trs,landvik_01um-lh,189,3.850,727.680
landvik_02uk-sl_sb_lh.trs,landvik_02uk-sl,155,4.645,720.040
landvik_02uk-sl_sb_lh_akl.conc.ort.trs,landvik_02uk-sl,155,4.645,720.040
landvik_03gm-04gk_amg_lh.trs,landvik_03gm-04gk,378,4.045,1528.880
landvik_03gm-04gk_amg_lh_akl.conc.ort.trs,landvik_03gm-04gk,378,4.045,1528.880
landvik_03gm-sl_amg_lh.trs,landvik_03gm-sl,171,6.686,1143.360
landvik_03gm-sl_amg_lh_akl.conc.ort.trs,landvik_03gm-sl,171,6.686,1143.360
landvik_04gk-lh_amg_ahl.trs,landvik_04gk-lh,90,6.737,606.320
landvik_04gk-lh_amg_ahl_akl.conc.ort.trs,landvik_04gk-lh,90,6.737,606.320
langesund_01um-02uk_lh_mi.trs,langesund_01um-02uk,307,3.676,1128.480
langesund_01um-02uk_lh_mi_sl_akl.conc.ort.trs,langesund_01um-02uk,307,3.676,1128.480
langesund_01um-sl_lh_eo.trs,langesund_01um-sl,120,3.657,438.840
langesund_01um-sl_lh_eo_sl_akl.conc.ort.trs,langesund_01um-sl,120,3.657,438.840
langesund_02uk-sl_lh_mi.trs,langesund_02uk-sl,146,2.730,398.520
langesund_02uk-sl_lh_mi_sl_akl.conc.ort.trs,langesund_02uk-sl,146,2.730,398.520
langesund_03gm-04gk_eo_lh.trs,langesund_03gm-04gk,359,3.401,1220.960
langesund_03gm-04gk_eo_lh_sl_akl.conc.ort.trs,langesund_03gm-04gk,359,3.401,1220.960
langesund_03gm-amg_eo_lh.trs,langesund_03gm-amg,85,7.260,617.080
langesund_03gm-amg_eo_lh_sl_akl.conc.ort.trs,langesund_03gm-amg,85,7.260,617.080
langesund_04gk-amg_eo_lh.trs,langesund_04gk-amg,105,7.363,773.120
langesund_04gk-amg_eo_lh_sl_akl.conc.ort.trs,langesund_04gk-amg,105,7.363,773.120
lardal_01um-02uk_ifg_sb.trs,lardal_01um-02uk,464,3.090,1433.760
lardal_01um-02uk_ifg_sb_sl_akl.conc.ort.trs,lardal_01um-02uk,464,3.090,1433.760
lardal_01um-sl_ifg_sb.trs,lardal_01um-sl,173,5.019,868.320
lardal_01um-sl_ifg_sb_sl_akl.conc.ort.trs,lardal_01um-sl,173,5.019,868.320
lardal_02uk-sr_ifg_sb.trs,lardal_02uk-sr,194,4.238,822.240
lardal_02uk-sr_ifg_sb_sl_akl.conc.ort.trs,lardal_02uk-sr,194,4.238,822.240
lardal_03gm-04gk_amg_ifg_sb.trs,lardal_03gm-04gk,380,4.005,1522.080
lardal_03gm-04gk_amg_ifg_sb_sl_akl.conc.ort.trs,lardal_03gm-04gk,380,4.005,1522.080
lardal_03gm-sl_amg_ifg_sb.trs,lardal_03gm-sl,176,5.596,984.960
lardal_03gm-sl_amg_ifg_sb_sl_akl.conc.ort.trs,lardal_03gm-sl,176,5.596,984.960
lardal_04gk-sr_amg_ifg_sb.trs,lardal_04gk-sr,231,4.131,954.240
lardal_04gk-sr_amg_ifg_sb_sl_akl.conc.ort.trs,lardal_04gk-sr,231,4.131,954.240
lavangen_01um-02uk_ahl_ifg.trs,lavangen_01um-02uk,519,4.344,2254.600
lavangen_01um-02uk_ahl_ifg_sl_akl_eo.conc.ort.trs,lavangen_01um-02uk,519,4.344,2254.600
lavangen_01um-kb_ahl_ifg_sb.trs,lavangen_01um-kb,155,7.077,1096.960
lavangen_01um-kb_ahl_ifg_sb_sl_akl.conc.ort.trs,lavangen_01um-kb,155,7.077,1096.960
lavangen_02uk-kb_ahl_ifg.trs,lavangen_02uk-kb,154,6.023,927.560
lavangen_02uk-kb_ahl_ifg_sl_akl.conc.ort.trs,lavangen_02uk-kb,154,6.023,927.560
lavangen_03gm-04gk_sb_eo.trs,lavangen_03gm-04gk,461,5.050,2328.040
lavangen_03gm-04gk_sb_eo_eo_akl.conc.ort.trs,lavangen_03gm-04gk,461,5.050,2328.040
lavangen_03gm-ov_sb_eo.trs,lavangen_03gm-ov,102,7.756,791.080
lavangen_03gm-ov_sb_eo_eo_akl.conc.ort.trs,lavangen_03gm-ov,102,7.756,791.080
lavangen_04gk-ov_sb_eo.trs,lavangen_04gk-ov,159,6.529,1038.080
lavangen_04gk-ov_sb_eo_eo_akl.conc.ort.trs,lavangen_04gk-ov,159,6.529,1038.080
lierne_01um-02uk_hl_kk.trs,lierne_01um-02uk,606,2.968,1798.520
lierne_01um-02uk_hl_kk_akl_vb.conc.ort.trs,lierne_01um-02uk,606,2.968,1798.520
lierne_01um-ta_hl_kk.trs,lierne_01um-ta,82,4.006,328.480
lierne_01um-ta_hl_kk_akl_vb.conc.ort.trs,lierne_01um-ta,82,4.006,328.480
lierne_02uk-ta_hl_kk.trs,lierne_02uk-ta,155,3.981,617.000
lierne_02uk-ta_hl_kk_akl_vb.conc.ort.trs,lierne_02uk-ta,155,3.981,617.000
lierne_03gm-04gk_kk_hl_eo.trs,lierne_03gm-04gk,405,4.769,1931.600
lierne_03gm-04gk_kk_hl_eo_akl_vb.conc.ort.trs,lierne_03gm-04gk,405,4.769,1931.600
lierne_03gm-ta_kk_hl_eo.trs,lierne_03gm-ta,113,7.105,802.920
lierne_03gm-ta_kk_hl_eo_akl_vb.conc.ort.trs,lierne_03gm-ta,113,7.105,802.920
lierne_04gk-ta_kk_hl_eo.trs,lierne_04gk-ta,119,5.756,684.920
lierne_04gk-ta_kk_hl_eo_vb.conc.ort.trs,lierne_04gk-ta,119,5.756,684.920
lindaas_01um-sl_ahl_lh.trs,lindaas_01um-sl,137,4.294,588.280
lindaas_01um-sl_ahl_lh_sl_et.conc.ort.trs,lindaas_01um-sl,137,4.294,588.280
lindaas_02uk-mi_ahl_amg.trs,lindaas_02uk-mi,74,5.247,388.280
lindaas_02uk-mi_ahl_amg_sl_et.conc.ort.trs,lindaas_02uk-mi,74,5.247,388.280
lindaas_03gm-04gk_sb_mi.trs,lindaas_03gm-04gk,394,3.756,1480.000
lindaas_03gm-04gk_sb_mi_sl_akl.conc.ort.trs,lindaas_03gm-04gk,394,3.756,1480.000
lindaas_03gm-sl_sb_lh.trs,lindaas_03gm-sl,196,3.839,752.520
lindaas_03gm-sl_sb_lh_sl_akl.conc.ort.trs,lindaas_03gm-sl,196,3.839,752.520
lindaas_04gk-mi_sb_lh.trs,lindaas_04gk-mi,102,6.024,614.480
lindaas_04gk-mi_sb_lh_sl_akl.conc.ort.trs,lindaas_04gk-mi,102,6.024,614.480
lom_01um-02uk_amg_lh.trs,lom_01um-02uk,213,8.433,1796.160
lom_01um-02uk_amg_lh_sl.conc.ort.trs,lom_01um-02uk,213,8.433,1796.160
lom_01um-jk_amg_lh.trs,lom_01um-jk,97,8.103,786.000
lom_01um-jk_amg_lh_sl.conc.ort.trs,lom_01um-jk,97,8.103,786.000
lom_02uk-jk_amg_lh.trs,lom_02uk-jk,107,7.956,851.320
lom_02uk-jk_amg_lh_sl.conc.ort.trs,lom_02uk-jk,107,7.956,851.320
lom_03gm-04gk_amg_eo_lh.trs,lom_03gm-04gk,332,3.634,1206.520
lom_03gm-04gk_amg_eo_lh_sl.conc.ort.trs,lom_03gm-04gk,332,3.634,1206.520
lom_03gm-mi_amg_eo_as.trs,lom_03gm-mi,116,8.473,982.920
lom_03gm-mi_amg_eo_as_sl.conc.ort.trs,lom_03gm-mi,116,8.473,982.920
lom_04gk-sl_amg_eo_as.trs,lom_04gk-sl,163,5.771,940.640
lom_04gk-sl_amg_eo_as_sl.conc.ort.trs,lom_04gk-sl,163,5.771,940.640
lommedalen_01um-02uk_kk_hl.trs,lommedalen_01um-02uk,341,4.376,1492.320
lommedalen_01um-02uk_kk_hl_eo_ifg.conc.ort.trs,lommedalen_01um-02uk,341,4.376,1492.320
lommedalen_01um-ifg_kk_hl.trs,lommedalen_01um-ifg,144,6.137,883.680
lommedalen_01um-ifg_kk_hl_eo_ifg.conc.ort.trs,lommedalen_01um-ifg,144,6.137,883.680
lommedalen_02uk-ifg_kk_hl.trs,lommedalen_02uk-ifg,169,4.718,797.280
lommedalen_02uk-ifg_kk_hl_eo_ifg.conc.ort.trs,lommedalen_02uk-ifg,169,4.718,797.280
lommedalen_03gm-04gk_ifg_sb.trs,lommedalen_03gm-04gk,240,4.763,1143.080
lommedalen_03gm-04gk_ifg_sb_sl_ifg.conc.ort.trs,lommedalen_03gm-04gk,240,4.763,1143.080
lommedalen_03gm-amg_ifg_sb.trs,lommedalen_03gm-amg,143,7.912,1131.440
lommedalen_03gm-amg_ifg_sb_sl_ifg.conc.ort.trs,lommedalen_03gm-amg,143,7.912,1131.440
lommedalen_04gk-amg_ifg_sb.trs,lommedalen_04gk-amg,127,8.093,1027.800
lommedalen_04gk-amg_ifg_sb_sl_ifg.conc.ort.trs,lommedalen_04gk-amg,127,8.093,1027.800
luster_01um-06uk_sb_lh.trs,luster_01um-06uk,449,3.635,1632.000
luster_01um-06uk_sb_lh_amg_et.conc.ort.trs,luster_01um-06uk,449,3.635,1632.000
luster_01um-ov_sb_lh.trs,luster_01um-ov,107,5.461,584.280
luster_01um-ov_sb_lh_amg_et.conc.ort.trs,luster_01um-ov,107,5.461,584.280
luster_02uk-06uk_sb_lh.trs,luster_02uk-06uk,357,3.632,1296.480
luster_02uk-06uk_sb_lh_amg_et.conc.ort.trs,luster_02uk-06uk,357,3.632,1296.480
luster_02uk-ov_sb_lh.trs,luster_02uk-ov,111,4.994,554.280
luster_02uk-ov_sb_lh_amg_et.conc.ort.trs,luster_02uk-ov,111,4.994,554.280
luster_03gm-04gk_sb_lh.trs,luster_03gm-04gk,390,3.198,1247.040
luster_03gm-04gk_sb_lh_amg_eo.conc.ort.trs,luster_03gm-04gk,390,3.198,1247.040
luster_03gm-ov_sb_lh.trs,luster_03gm-ov,105,4.192,440.120
luster_03gm-ov_sb_lh_amg_eo.conc.ort.trs,luster_03gm-ov,105,4.192,440.120
luster_04gk-ov_sb_lh_amg.trs,luster_04gk-ov,82,5.929,486.200
luster_04gk-ov_sb_lh_amg_amg_eo.conc.ort.trs,luster_04gk-ov,82,5.929,486.200
luster_06uk-ov_sb_lh.trs,luster_06uk-ov,103,7.920,815.800
luster_06uk-ov_sb_lh_amg_vb.conc.ort.trs,luster_06uk-ov,103,7.920,815.800
lyngdal_01um-02uk_lh_amg.trs,lyngdal_01um-02uk,335,3.277,1097.920
lyngdal_01um-02uk_lh_amg_akl.conc.ort.trs,lyngdal_01um-02uk,335,3.277,1097.920
lyngdal_01um-mi_lh_ahl_lh.trs,lyngdal_01um-mi,118,5.599,660.640
lyngdal_01um-mi_lh_ahl_lh_akl.conc.ort.trs,lyngdal_01um-mi,118,5.599,660.640
lyngdal_03gm-04gk_sr_lh.trs,lyngdal_03gm-04gk,292,3.641,1063.103
lyngdal_03gm-04gk_sr_lh_akl.conc.ort.trs,lyngdal_03gm-04gk,292,3.641,1063.103
lyngdal_03gm-mi_sr_lh.trs,lyngdal_03gm-mi,156,5.822,908.200
lyngdal_03gm-mi_sr_lh_akl.conc.ort.trs,lyngdal_03gm-mi,156,5.822,908.200
lyngdal_04gk-sl_sr_lh.trs,lyngdal_04gk-sl,151,4.817,727.440
lyngdal_04gk-sl_sr_lh_akl.conc.ort.trs,lyngdal_04gk-sl,151,4.817,727.440
medby_74-75_lh_as.trs,medby_74-75,282,3.909,1102.360
medby_74-75_lh_as_sl_akl.conc.ort.trs,medby_74-75,282,3.909,1102.360
medby_74-jbj_lh_as.trs,medby_74-jbj,305,4.324,1318.760
medby_74-jbj_lh_as_sl_akl.conc.ort.trs,medby_74-jbj,305,4.324,1318.760
medby_75-jbj_lh_as.trs,medby_75-jbj,212,3.416,724.280
medby_75-jbj_lh_as_sl_akl.conc.ort.trs,medby_75-jbj,212,3.416,724.280
mefjordvaer_19-20_sl_as.trs,mefjordvaer_19-20,297,5.081,1509.000
mefjordvaer_19-20_sl_as_sl_akl.conc.ort.trs,mefjordvaer_19-20,297,5.081,1509.000
mefjordvaer_19-jbj_sl_as_sl_as.trs,mefjordvaer_19-jbj,158,6.055,956.760
mefjordvaer_19-jbj_sl_as_sl_as_sl_akl.conc.ort.trs,mefjordvaer_19-jbj,158,6.055,956.760
mefjordvaer_20-mn_sl_as.trs,mefjordvaer_20-mn,153,5.710,873.680
mefjordvaer_20-mn_sl_as_sl_akl.conc.ort.trs,mefjordvaer_20-mn,153,5.710,873.680
meraaker_01um-02uk_ifg_sb.trs,meraaker_01um-02uk,308,4.013,1236.000
meraaker_01um-02uk_ifg_sb_akl_et.conc.ort.trs,meraaker_01um-02uk,308,4.013,1236.000
meraaker_01um-jk_ifg_sb.trs,meraaker_01um-jk,101,6.868,693.638
meraaker_01um-jk_ifg_sb_akl_et.conc.ort.trs,meraaker_01um-jk,101,6.868,693.638
meraaker_02uk-jk_ifg_sb.trs,meraaker_02uk-jk,84,7.978,670.158
meraaker_02uk-jk_ifg_sb_akl_et.conc.ort.trs,meraaker_02uk-jk,84,7.978,670.158
meraaker_03gm-04gk_sb_lh.trs,meraaker_03gm-04gk,661,2.496,1650.000
meraaker_03gm-04gk_sb_lh_akl_akl.conc.ort.trs,meraaker_03gm-04gk,661,2.496,1650.000
meraaker_03gm-jk_sb_lh.trs,meraaker_03gm-jk,134,5.704,764.280
meraaker_03gm-jk_sb_lh_akl_et.conc.ort.trs,meraaker_03gm-jk,134,5.704,764.280
meraaker_04gk-jk_sb_lh.trs,meraaker_04gk-jk,92,5.674,522.000
meraaker_04gk-jk_sb_lh_akl_et.conc.ort.trs,meraaker_04gk-jk,92,5.674,522.000
mo_i_rana_01um-02uk_hl_eo.trs,mo_i_rana_01um-02uk,409,4.995,2042.760
mo_i_rana_01um-02uk_hl_eo_ifg.conc.ort.trs,mo_i_rana_01um-02uk,409,4.995,2042.760
mo_i_rana_01um-ov_hl_eo.trs,mo_i_rana_01um-ov,177,3.381,598.360
mo_i_rana_01um-ov_hl_eo_ifg_akl.conc.ort.trs,mo_i_rana_01um-ov,177,3.381,598.360
mo_i_rana_02uk-ov_hl_ifg.trs,mo_i_rana_02uk-ov,106,6.519,691.000
mo_i_rana_02uk-ov_hl_ifg_ifg_akl.conc.ort.trs,mo_i_rana_02uk-ov,106,6.519,691.000
mo_i_rana_03gm-04gk_sb_ifg.trs,mo_i_rana_03gm-04gk,604,3.224,1947.400
mo_i_rana_03gm-04gk_sb_ifg_ifg_eo.conc.ort.trs,mo_i_rana_03gm-04gk,604,3.224,1947.400
mo_i_rana_03gm-ov_sb_ifg.trs,mo_i_rana_03gm-ov,161,3.627,583.920
mo_i_rana_03gm-ov_sb_ifg_ifg_eo.conc.ort.trs,mo_i_rana_03gm-ov,161,3.627,583.920
mo_i_rana_04gk-ov_sb_ifg.trs,mo_i_rana_04gk-ov,173,4.697,812.560
mo_i_rana_04gk-ov_sb_ifg_ifg_eo.conc.ort.trs,mo_i_rana_04gk-ov,173,4.697,812.560
myre_01um-02uk_sb_ifg.trs,myre_01um-02uk,864,3.187,2753.880
myre_01um-02uk_sb_ifg_sl_akl.conc.ort.trs,myre_01um-02uk,864,3.187,2753.880
myre_01um-ov_sb_ifg.trs,myre_01um-ov,106,3.984,422.320
myre_01um-ov_sb_ifg_sl_akl.conc.ort.trs,myre_01um-ov,106,3.984,422.320
myre_02uk-ov_sb_ifg.trs,myre_02uk-ov,108,4.224,456.160
myre_02uk-ov_sb_ifg_sl_akl.conc.ort.trs,myre_02uk-ov,108,4.224,456.160
myre_03gm-04gk_ahl_amg.trs,myre_03gm-04gk,646,3.594,2321.920
myre_03gm-04gk_ahl_amg_sl_eo.conc.ort.trs,myre_03gm-04gk,646,3.594,2321.920
myre_03gm-ov_ahl_amg.trs,myre_03gm-ov,101,4.783,483.040
myre_03gm-ov_ahl_amg_sl_eo.conc.ort.trs,myre_03gm-ov,101,4.783,483.040
myre_04gk-ov_ahl_amg.trs,myre_04gk-ov,175,5.728,1002.440
myre_04gk-ov_ahl_amg_sl_eo.conc.ort.trs,myre_04gk-ov,175,5.728,1002.440
namdalen_01um-02uk_eo_sb.trs,namdalen_01um-02uk,316,4.011,1267.400
namdalen_01um-02uk_eo_sb_akl_vb.conc.ort.trs,namdalen_01um-02uk,316,4.011,1267.400
namdalen_01um-ran_eo_sb.trs,namdalen_01um-ran,121,4.856,587.520
namdalen_01um-ran_eo_sb_akl_vb.conc.ort.trs,namdalen_01um-ran,121,4.856,587.520
namdalen_02uk-lks_eo_sb.trs,namdalen_02uk-lks,105,5.214,547.480
namdalen_02uk-lks_eo_sb_akl_vb.conc.ort.trs,namdalen_02uk-lks,105,5.214,547.480
namdalen_03gm-04gk_amg_eo.trs,namdalen_03gm-04gk,264,4.136,1092.000
namdalen_03gm-04gk_amg_eo_akl_vb.conc.ort.trs,namdalen_03gm-04gk,264,4.136,1092.000
namdalen_03gm-ran_amg_eo.trs,namdalen_03gm-ran,335,3.115,1043.480
namdalen_03gm-ran_amg_eo_akl_vb_eo.conc.ort.trs,namdalen_03gm-ran,335,3.115,1043.480
namdalen_04gk-ran_amg_eo.trs,namdalen_04gk-ran,220,3.729,820.280
namdalen_04gk-ran_amg_eo_akl_et_eo.conc.ort.trs,namdalen_04gk-ran,220,3.729,820.280
narvik_01um-02uk_eo_kk_ifg.trs,narvik_01um-02uk,698,2.661,1857.360
narvik_01um-02uk_eo_kk_ifg_ifg_vb.conc.ort.trs,narvik_01um-02uk,698,2.661,1857.360
narvik_01um-kb_eo_kk_ifg.trs,narvik_01um-kb,181,3.143,568.920
narvik_01um-kb_eo_kk_ifg_ifg_vb.conc.ort.trs,narvik_01um-kb,181,3.143,568.920
narvik_02uk-kb_eo_kk_ifg.trs,narvik_02uk-kb,154,3.746,576.840
narvik_02uk-kb_eo_kk_ifg_ifg_vb.conc.ort.trs,narvik_02uk-kb,154,3.746,576.840
narvik_03gm-04gk_sb_eo.trs,narvik_03gm-04gk,418,3.886,1624.360
narvik_03gm-04gk_sb_eo_ifg_vb.conc.ort.trs,narvik_03gm-04gk,418,3.886,1624.360
narvik_03gm-kb_sb_eo.trs,narvik_03gm-kb,193,4.554,878.880
narvik_03gm-kb_sb_eo_ifg_vb.conc.ort.trs,narvik_03gm-kb,193,4.554,878.880
narvik_04gk-kb_sb_eo.trs,narvik_04gk-kb,169,4.237,716.040
narvik_04gk-kb_sb_eo_ifg_vb.conc.ort.trs,narvik_04gk-kb,169,4.237,716.040
nes_01um-02uk_kk_eo.trs,nes_01um-02uk,352,3.694,1300.320
nes_01um-02uk_kk_eo_eo_akl.conc.ort.trs,nes_01um-02uk,352,3.694,1300.320
nes_01um-ifg_kk_eo.trs,nes_01um-ifg,122,5.168,630.440
nes_01um-ifg_kk_eo_eo_akl.conc.ort.trs,nes_01um-ifg,122,5.168,630.440
nes_02uk-ifg_kk_eo.trs,nes_02uk-ifg,168,4.105,689.720
nes_02uk-ifg_kk_eo_eo_akl.conc.ort.trs,nes_02uk-ifg,168,4.105,689.720
nes_03gm-04gk_ifg_kk.trs,nes_03gm-04gk,364,4.897,1782.560
nes_03gm-04gk_ifg_kk_eo_akl.conc.ort.trs,nes_03gm-04gk,364,4.897,1782.560
nes_03gm-ifg_ifg_eo.trs,nes_03gm-ifg,139,6.761,939.800
nes_03gm-ifg_ifg_eo_eo_akl.conc.ort.trs,nes_03gm-ifg,139,6.761,939.800
nes_04gk-ifg_ifg_kk.trs,nes_04gk-ifg,149,5.434,809.640
nes_04gk-ifg_ifg_kk_eo_akl.conc.ort.trs,nes_04gk-ifg,149,5.434,809.640
nissedal_01um-02uk_amg_lh.trs,nissedal_01um-02uk,500,3.218,1609.040
nissedal_01um-02uk_amg_lh_amg.conc.ort.trs,nissedal_01um-02uk,500,3.218,1609.040
nissedal_01um-sl_amg_mi.trs,nissedal_01um-sl,102,8.796,897.200
nissedal_01um-sl_amg_mi_amg.conc.ort.trs,nissedal_01um-sl,102,8.796,897.200
nissedal_02uk-sl_amg_mi.trs,nissedal_02uk-sl,69,7.810,538.920
nissedal_02uk-sl_amg_mi_amg.conc.ort.trs,nissedal_02uk-sl,69,7.810,538.920
nissedal_03gm-04gk_amg_lh.trs,nissedal_03gm-04gk,315,3.842,1210.120
nissedal_03gm-04gk_amg_lh_sl.conc.ort.trs,nissedal_03gm-04gk,315,3.842,1210.120
nissedal_03gm-sl_amg_lh.trs,nissedal_03gm-sl,132,7.377,973.720
nissedal_03gm-sl_amg_lh_sl.conc.ort.trs,nissedal_03gm-sl,132,7.377,973.720
nissedal_04gk-sl_amg_lh.trs,nissedal_04gk-sl,153,3.891,595.360
nissedal_04gk-sl_amg_lh_sl.conc.ort.trs,nissedal_04gk-sl,153,3.891,595.360
oppdal_01um-02uk_sb_lh.trs,oppdal_01um-02uk,361,3.374,1218.000
oppdal_01um-02uk_sb_lh_akl_akl.conc.ort.trs,oppdal_01um-02uk,361,3.374,1218.000
oppdal_01um-ran_sb_lh.trs,oppdal_01um-ran,133,5.459,726.000
oppdal_01um-ran_sb_lh_akl_et.conc.ort.trs,oppdal_01um-ran,133,5.459,726.000
oppdal_02-31_eo_hl_ifg.trs,oppdal_02-31,376,4.725,1776.480
oppdal_02-31_eo_hl_ifg_akl_akl.conc.ort.trs,oppdal_02-31,376,4.725,1776.480
oppdal_02-jbj_eo_sb.trs,oppdal_02-jbj,115,6.662,766.080
oppdal_02-jbj_eo_sb_akl_et.conc.ort.trs,oppdal_02-jbj,115,6.662,766.080
oppdal_02uk-ran_sb_lh.trs,oppdal_02uk-ran,168,4.119,692.040
oppdal_02uk-ran_sb_lh_akl_et.conc.ort.trs,oppdal_02uk-ran,168,4.119,692.040
oppdal_03gm-04gk_ifg_sb_amg.trs,oppdal_03gm-04gk,337,3.643,1227.680
oppdal_03gm-04gk_ifg_sb_amg_akl_et.conc.ort.trs,oppdal_03gm-04gk,337,3.643,1227.680
oppdal_03gm-ran_ifg_lh.trs,oppdal_03gm-ran,144,4.593,661.320
oppdal_03gm-ran_ifg_lh_akl_et.conc.ort.trs,oppdal_03gm-ran,144,4.593,661.320
oppdal_04gk-ran_ifg_lh.trs,oppdal_04gk-ran,140,4.767,667.440
oppdal_04gk-ran_ifg_lh_akl_et.conc.ort.trs,oppdal_04gk-ran,140,4.767,667.440
oppdal_10-24_hl_kk.trs,oppdal_10-24,297,5.190,1541.440
oppdal_10-24_hl_kk_akl_et.conc.ort.trs,oppdal_10-24,297,5.190,1541.440
oppdal_10-jbj_sb_eo.trs,oppdal_10-jbj,133,5.795,770.760
oppdal_10-jbj_sb_eo_akl_et.conc.ort.trs,oppdal_10-jbj,133,5.795,770.760
oppdal_24-jbj_hl_kk.trs,oppdal_24-jbj,146,7.516,1097.280
oppdal_24-jbj_hl_kk_akl_et.conc.ort.trs,oppdal_24-jbj,146,7.516,1097.280
oppdal_31-jbj_eo_sb.trs,oppdal_31-jbj,130,5.803,754.440
oppdal_31-jbj_eo_sb_akl_et.conc.ort.trs,oppdal_31-jbj,130,5.803,754.440
rauma_01um-02uk_sb_ifg.trs,rauma_01um-02uk,406,3.143,1276.200
rauma_01um-02uk_sb_ifg_ifg_akl.conc.ort.trs,rauma_01um-02uk,406,3.143,1276.200
rauma_01um-ma_sb_ifg.trs,rauma_01um-ma,126,4.658,586.920
rauma_01um-ma_sb_ifg_ifg_akl.conc.ort.trs,rauma_01um-ma,126,4.658,586.920
rauma_02uk-ma_sb_ifg.trs,rauma_02uk-ma,136,4.590,624.200
rauma_02uk-ma_sb_ifg_ifg_akl.conc.ort.trs,rauma_02uk-ma,136,4.590,624.200
rauma_03gm-04gk_ifg_sb.trs,rauma_03gm-04gk,292,4.662,1361.240
rauma_03gm-04gk_ifg_sb_vb.conc.ort.trs,rauma_03gm-04gk,292,4.662,1361.240
rauma_03gm-ma_ifg_sb.trs,rauma_03gm-ma,115,5.785,665.280
rauma_03gm-ma_ifg_sb_ifg_et_eo.conc.ort.trs,rauma_03gm-ma,115,5.785,665.280
rauma_04gk-ma_ifg_sb.trs,rauma_04gk-ma,93,6.718,624.800
rauma_04gk-ma_ifg_sb_ifg_vb_eo.conc.ort.trs,rauma_04gk-ma,93,6.718,624.800
rena_01um-02uk_kk_sb.trs,rena_01um-02uk,382,3.291,1257.120
rena_01um-02uk_kk_sb_akl_et.conc.ort.trs,rena_01um-02uk,382,3.291,1257.120
rena_01um-ifg_kk_sb.trs,rena_01um-ifg,224,3.787,848.280
rena_01um-ifg_kk_sb_akl_et.conc.ort.trs,rena_01um-ifg,224,3.787,848.280
rena_02uk-ifg_kk_sb.trs,rena_02uk-ifg,177,4.177,739.320
rena_02uk-ifg_kk_sb_akl_et.conc.ort.trs,rena_02uk-ifg,177,4.177,739.320
rena_03gm-04gk_kk_eo.trs,rena_03gm-04gk,306,4.973,1521.600
rena_03gm-04gk_kk_eo_akl_akl.conc.ort.trs,rena_03gm-04gk,306,4.973,1521.600
rena_03gm-ifg_hl_ifg.trs,rena_03gm-ifg,245,5.061,1239.960
rena_03gm-ifg_hl_ifg_akl_et.conc.ort.trs,rena_03gm-ifg,245,5.061,1239.960
rena_04gk-ifg_hl_eo.trs,rena_04gk-ifg,191,6.708,1281.200
rena_04gk-ifg_hl_eo_akl_et.conc.ort.trs,rena_04gk-ifg,191,6.708,1281.200
roemskog_01um-02uk_eo_sb.trs,roemskog_01um-02uk,577,3.537,2040.960
roemskog_01um-02uk_eo_sb_sl_akl.conc.ort.trs,roemskog_01um-02uk,577,3.537,2040.960
roemskog_01um-ks_eo_ifg_lh.trs,roemskog_01um-ks,146,4.810,702.240
roemskog_01um-ks_eo_ifg_lh_sl_akl.conc.ort.trs,roemskog_01um-ks,146,4.810,702.240
roemskog_02uk-eo_eo_ifg_lh.trs,roemskog_02uk-eo,202,5.411,1092.960
roemskog_02uk-eo_eo_ifg_lh_sl_akl.conc.ort.trs,roemskog_02uk-eo,202,5.411,1092.960
roemskog_03gm-04gk_sb_ifg_eo.trs,roemskog_03gm-04gk,273,3.661,999.360
roemskog_03gm-04gk_sb_ifg_eo_sl_akl.conc.ort.trs,roemskog_03gm-04gk,273,3.661,999.360
roemskog_03gm-ks_sb_ifg_eo.trs,roemskog_03gm-ks,76,8.545,649.440
roemskog_03gm-ks_sb_ifg_eo_eo_akl.conc.ort.trs,roemskog_03gm-ks,76,8.545,649.440
roemskog_04gk-eo_sb_ifg_eo.trs,roemskog_04gk-eo,158,3.801,600.480
roemskog_04gk-eo_sb_ifg_eo_sl_akl.conc.ort.trs,roemskog_04gk-eo,158,3.801,600.480
roeros_01um-02uk_hl_kk.trs,roeros_01um-02uk,483,3.738,1805.360
roeros_01um-02uk_hl_kk_akl_eo.conc.ort.trs,roeros_01um-02uk,483,3.738,1805.360
roeros_01um-amr_hl_kk.trs,roeros_01um-amr,142,4.232,600.880
roeros_01um-amr_hl_kk_akl_ifg.conc.ort.trs,roeros_01um-amr,142,4.232,600.880
roeros_02uk-amr_hl_kk.trs,roeros_02uk-amr,147,4.521,664.520
roeros_02uk-amr_hl_kk_akl_eo.conc.ort.trs,roeros_02uk-amr,147,4.521,664.520
roeros_03gm-04gk_ifg.trs,roeros_03gm-04gk,424,4.409,1869.520
roeros_03gm-04gk_ifg_akl_eo.conc.ort.trs,roeros_03gm-04gk,424,4.409,1869.520
roeros_03gm-amr_ifg_kk.trs,roeros_03gm-amr,142,6.240,886.080
roeros_03gm-amr_ifg_kk_akl_ifg.conc.ort.trs,roeros_03gm-amr,142,6.240,886.080
roeros_04gk-amr_ifg_kk.trs,roeros_04gk-amr,106,5.892,624.600
roeros_04gk-amr_ifg_kk_akl_ifg.conc.ort.trs,roeros_04gk-amr,106,5.892,624.600
rollag_01um-02uk_ifg_amg.trs,rollag_01um-02uk,338,3.637,1229.280
rollag_01um-02uk_ifg_amg_amg_akl.conc.ort.trs,rollag_01um-02uk,338,3.637,1229.280
rollag_01um-amg_ifg_amg.trs,rollag_01um-amg,144,5.234,753.680
rollag_01um-amg_ifg_amg_amg_akl.conc.ort.trs,rollag_01um-amg,144,5.234,753.680
rollag_02uk-amg_ifg_amg.trs,rollag_02uk-amg,142,5.608,796.320
rollag_02uk-amg_ifg_amg_amg_akl.conc.ort.trs,rollag_02uk-amg,142,5.608,796.320
rollag_03gm-04gk_ahl_amg.trs,rollag_03gm-04gk,307,3.411,1047.240
rollag_03gm-04gk_ahl_amg_amg_akl.conc.ort.trs,rollag_03gm-04gk,307,3.411,1047.240
rollag_03gm-amg_ahl_eo.trs,rollag_03gm-amg,147,5.274,775.280
rollag_03gm-amg_ahl_eo_amg_akl.conc.ort.trs,rollag_03gm-amg,147,5.274,775.280
rollag_04gk-sl_ahl_amg.trs,rollag_04gk-sl,133,5.634,749.280
rollag_04gk-sl_ahl_amg_amg_akl.conc.ort.trs,rollag_04gk-sl,133,5.634,749.280
selbu_01um-02uk_amg_ifg_sb.trs,selbu_01um-02uk,236,2.799,660.520
selbu_01um-02uk_amg_ifg_sb_akl_et.conc.ort.trs,selbu_01um-02uk,236,2.799,660.520
selbu_01um-jk_amg_ifg_sb.trs,selbu_01um-jk,147,4.279,629.000
selbu_01um-jk_amg_ifg_sb_akl_et.conc.ort.trs,selbu_01um-jk,147,4.279,629.000
selbu_02uk-jk_amg_ifg_sb.trs,selbu_02uk-jk,108,4.304,464.840
selbu_02uk-jk_amg_ifg_sb_akl_et.conc.ort.trs,selbu_02uk-jk,108,4.304,464.840
selbu_03gm-04gk_sb_lh.trs,selbu_03gm-04gk,387,3.721,1440.000
selbu_03gm-04gk_sb_lh_akl_akl.conc.ort.trs,selbu_03gm-04gk,387,3.721,1440.000
selbu_03gm-jk_sb_lh.trs,selbu_03gm-jk,97,8.351,810.000
selbu_03gm-jk_sb_lh_akl_et.conc.ort.trs,selbu_03gm-jk,97,8.351,810.000
selbu_04gk-jk_sb_lh.trs,selbu_04gk-jk,115,6.415,737.720
selbu_04gk-jk_sb_lh_akl_et.conc.ort.trs,selbu_04gk-jk,115,6.415,737.720
sirdal_01um-02uk_amg_lh.trs,sirdal_01um-02uk,209,5.764,1204.640
sirdal_01um-02uk_amg_lh_sl.conc.ort.trs,sirdal_01um-02uk,209,5.764,1204.640
sirdal_01um-sl_amg_lh.trs,sirdal_01um-sl,191,4.895,935.000
sirdal_01um-sl_amg_lh_sl.conc.ort.trs,sirdal_01um-sl,191,4.895,935.000
sirdal_02uk-mi_amg_lh.trs,sirdal_02uk-mi,144,6.083,876.000
sirdal_02uk-mi_amg_lh_sl.conc.ort.trs,sirdal_02uk-mi,144,6.083,876.000
sirdal_03gm-04gk_eo_lh.trs,sirdal_03gm-04gk,243,4.720,1147.040
sirdal_03gm-04gk_eo_lh_sl.conc.ort.trs,sirdal_03gm-04gk,243,4.720,1147.040
sirdal_03gm-mi_eo_lh.trs,sirdal_03gm-mi,123,6.124,753.240
sirdal_03gm-mi_eo_lh_sl.conc.ort.trs,sirdal_03gm-mi,123,6.124,753.240
sirdal_04gk-sl_eo_lh.trs,sirdal_04gk-sl,129,4.910,633.360
sirdal_04gk-sl_eo_lh_sl.conc.ort.trs,sirdal_04gk-sl,129,4.910,633.360
skaugdalen_36-43_hl_kk_ifg.trs,skaugdalen_36-43,618,2.468,1524.960
skaugdalen_36-43_hl_kk_ifg_akl_vb.conc.ort.trs,skaugdalen_36-43,618,2.468,1524.960
skaugdalen_37-39_sb_kk.trs,skaugdalen_37-39,445,3.468,1543.200
skaugdalen_37-39_sb_kk_akl_vb.conc.ort.trs,skaugdalen_37-39,445,3.468,1543.200
skaugdalen_37-pmk_sb_kk.trs,skaugdalen_37-pmk,145,6.617,959.520
skaugdalen_37-pmk_sb_kk_akl_vb.conc.ort.trs,skaugdalen_37-pmk,145,6.617,959.520
skaugdalen_43-pmk_hl_kk.trs,skaugdalen_43-pmk,150,4.374,656.160
skaugdalen_43-pmk_hl_kk_akl_vb.conc.ort.trs,skaugdalen_43-pmk,150,4.374,656.160
skreia_01um-02uk_amg_lh_as.trs,skreia_01um-02uk,478,3.143,1502.240
skreia_01um-02uk_amg_lh_as_kh_vb.conc.ort.trs,skreia_01um-02uk,478,3.143,1502.240
skreia_01um-as_amg_as.trs,skreia_01um-as,83,7.100,589.320
skreia_01um-as_amg_as_kh_vb.conc.ort.trs,skreia_01um-as,83,7.100,589.320
skreia_02uk-as_amg_as.trs,skreia_02uk-as,118,6.183,729.600
skreia_02uk-as_amg_as_kh_vb.conc.ort.trs,skreia_02uk-as,118,6.183,729.600
skreia_03gm-04gk_amg_as.trs,skreia_03gm-04gk,256,4.317,1105.080
skreia_03gm-04gk_amg_as_sl_vb.conc.ort.trs,skreia_03gm-04gk,256,4.317,1105.080
skreia_03gm-sl_amg_as.trs,skreia_03gm-sl,173,3.520,609.000
skreia_03gm-sl_amg_as_sl_vb.conc.ort.trs,skreia_03gm-sl,173,3.520,609.000
skreia_04gk-sl_amg_as.trs,skreia_04gk-sl,132,5.507,726.880
skreia_04gk-sl_amg_as_sl_vb.conc.ort.trs,skreia_04gk-sl,132,5.507,726.880
soemna_01um-02uk_sb_eo.trs,soemna_01um-02uk,746,3.420,2551.040
soemna_01um-02uk_sb_eo_akl_et.conc.ort.trs,soemna_01um-02uk,746,3.420,2551.040
soemna_01um-ov_sb_eo.trs,soemna_01um-ov,90,4.461,401.480
soemna_01um-ov_sb_eo_akl_et.conc.ort.trs,soemna_01um-ov,90,4.461,401.480
soemna_02uk-ov_sb_eo.trs,soemna_02uk-ov,72,5.677,408.760
soemna_02uk-ov_sb_eo_akl_et.conc.ort.trs,soemna_02uk-ov,72,5.677,408.760
soemna_03gm-04gk_kk_ifg.trs,soemna_03gm-04gk,437,5.190,2268.120
soemna_03gm-04gk_kk_ifg_akl_eo.conc.ort.trs,soemna_03gm-04gk,437,5.190,2268.120
soemna_03gm-ov_kk_sb.trs,soemna_03gm-ov,188,5.592,1051.320
soemna_03gm-ov_kk_sb_akl_eo.conc.ort.trs,soemna_03gm-ov,188,5.592,1051.320
soemna_04gk-ov_kk_sb.trs,soemna_04gk-ov,199,6.215,1236.800
soemna_04gk-ov_kk_sb_akl_eo.conc.ort.trs,soemna_04gk-ov,199,6.215,1236.800
sokndal_01um-02uk_ahl_lh.trs,sokndal_01um-02uk,476,3.043,1448.600
sokndal_01um-02uk_ahl_lh_amg_vb.conc.ort.trs,sokndal_01um-02uk,476,3.043,1448.600
sokndal_01um-jbj_ahl_lh.trs,sokndal_01um-jbj,155,4.835,749.480
sokndal_01um-jbj_ahl_lh_amg_vb.conc.ort.trs,sokndal_01um-jbj,155,4.835,749.480
sokndal_02uk-sr_ahl_lh.trs,sokndal_02uk-sr,231,3.330,769.320
sokndal_02uk-sr_ahl_lh_amg_vb.conc.ort.trs,sokndal_02uk-sr,231,3.330,769.320
sokndal_03gm-04gk_sb_ahl_amg.trs,sokndal_03gm-04gk,487,3.380,1646.240
sokndal_03gm-04gk_sb_ahl_amg_amg_vb.conc.ort.trs,sokndal_03gm-04gk,487,3.380,1646.240
sokndal_03gm-jbj_sb_ahl.trs,sokndal_03gm-jbj,222,4.278,949.760
sokndal_03gm-jbj_sb_ahl_amg_vb.conc.ort.trs,sokndal_03gm-jbj,222,4.278,949.760
sokndal_04gk-jbj_sb_ahl_amg.trs,sokndal_04gk-jbj,143,4.426,632.920
sokndal_04gk-jbj_sb_ahl_amg_amg_vb.conc.ort.trs,sokndal_04gk-jbj,143,4.426,632.920
stamsund_01um-02uk_ahl_sb.trs,stamsund_01um-02uk,675,3.797,2562.800
stamsund_01um-02uk_ahl_sb_sl_akl.conc.ort.trs,stamsund_01um-02uk,675,3.797,2562.800
stamsund_01um-ov_ahl_sb.trs,stamsund_01um-ov,99,4.497,445.240
stamsund_01um-ov_ahl_sb_sl_et.conc.ort.trs,stamsund_01um-ov,99,4.497,445.240
stamsund_02uk-ov_ahl_sb.trs,stamsund_02uk-ov,105,5.106,536.080
stamsund_02uk-ov_ahl_sb_sl_et.conc.ort.trs,stamsund_02uk-ov,105,5.106,536.080
stamsund_03gm-04gk_sb_amg.trs,stamsund_03gm-04gk,806,3.243,2613.840
stamsund_03gm-04gk_sb_amg_sl_akl.conc.ort.trs,stamsund_03gm-04gk,806,3.243,2613.840
stamsund_03gm-ov_sb_amg.trs,stamsund_03gm-ov,141,5.281,744.640
stamsund_03gm-ov_sb_amg_sl_akl.conc.ort.trs,stamsund_03gm-ov,141,5.281,744.640
stamsund_04gk-ov_sb_amg.trs,stamsund_04gk-ov,196,5.012,982.280
stamsund_04gk-ov_sb_amg_sl_akl.conc.ort.trs,stamsund_04gk-ov,196,5.012,982.280
stange_02uk-03gm_amg_as.trs,stange_02uk-03gm,297,6.414,1904.840
stange_02uk-03gm_amg_as_as_sl_akl.conc.ort.trs,stange_02uk-03gm,296,6.435,1904.840
stange_02uk-aml_amg_as.trs,stange_02uk-aml,130,5.550,721.440
stange_02uk-aml_amg_as_sl_akl.conc.ort.trs,stange_02uk-aml,130,5.550,721.440
stange_03gm-aml_amg_as.trs,stange_03gm-aml,90,7.546,679.120
stange_03gm-aml_amg_as_sl_akl.conc.ort.trs,stange_03gm-aml,90,7.546,679.120
stange_06uk-07gm_mi_as.trs,stange_06uk-07gm,244,4.665,1138.360
stange_06uk-07gm_mi_as_sl_akl.conc.ort.trs,stange_06uk-07gm,244,4.665,1138.360
stange_06uk-aml_mi_as.trs,stange_06uk-aml,110,5.364,590.040
stange_06uk-aml_mi_as_sl_akl.conc.ort.trs,stange_06uk-aml,110,5.364,590.040
stange_07gm-aml_mi_as.trs,stange_07gm-aml,146,5.095,743.800
stange_07gm-aml_mi_as_sl_akl.conc.ort.trs,stange_07gm-aml,146,5.095,743.800
stavanger_01um-02uk_sr_ahl_lh.trs,stavanger_01um-02uk,497,2.840,1411.320
stavanger_01um-02uk_sr_ahl_lh_sl_akl.conc.ort.trs,stavanger_01um-02uk,497,2.840,1411.320
stavanger_01um-ks_ahl_sr.trs,stavanger_01um-ks,122,4.808,586.600
stavanger_01um-ks_ahl_sr_sl_akl.conc.ort.trs,stavanger_01um-ks,122,4.808,586.600
stavanger_02uk-sr_sb_ahl.trs,stavanger_02uk-sr,126,4.868,613.400
stavanger_02uk-sr_sb_ahl_sl_akl.conc.ort.trs,stavanger_02uk-sr,126,4.868,613.400
stavanger_03gm-04gk_ahl_sr.trs,stavanger_03gm-04gk,322,2.700,869.520
stavanger_03gm-04gk_ahl_sr_akl_eo.conc.ort.trs,stavanger_03gm-04gk,322,2.700,869.520
stavanger_03gm-ks_ahl_sr.trs,stavanger_03gm-ks,224,3.879,868.840
stavanger_03gm-ks_ahl_sr_akl_eo.conc.ort.trs,stavanger_03gm-ks,224,3.879,868.840
stavanger_04gk-sr_ahl_sr_amg.trs,stavanger_04gk-sr,171,6.316,1080.000
stavanger_04gk-sr_ahl_sr_amg_sl_akl.conc.ort.trs,stavanger_04gk-sr,171,6.316,1080.000
steigen_01um-02uk_kk_sb.trs,steigen_01um-02uk,332,3.754,1246.440
steigen_01um-02uk_kk_sb_sl_akl.conc.ort.trs,steigen_01um-02uk,332,3.754,1246.440
steigen_01um-kb_kk_sb.trs,steigen_01um-kb,132,4.747,626.560
steigen_01um-kb_kk_sb_sl_akl.conc.ort.trs,steigen_01um-kb,132,4.747,626.560
steigen_02uk-kb_kk_sb.trs,steigen_02uk-kb,136,4.569,621.360
steigen_02uk-kb_kk_sb_sl_akl.conc.ort.trs,steigen_02uk-kb,136,4.569,621.360
steigen_03gm-04gk_kk_ifg.trs,steigen_03gm-04gk,538,3.507,1886.760
steigen_03gm-04gk_kk_ifg_sl_eo.conc.ort.trs,steigen_03gm-04gk,538,3.507,1886.760
steigen_03gm-kb_kk_ifg.trs,steigen_03gm-kb,164,6.047,991.760
steigen_03gm-kb_kk_ifg_sl_eo.conc.ort.trs,steigen_03gm-kb,164,6.047,991.760
steigen_04gk-kb_kk_ifg_sb.trs,steigen_04gk-kb,193,4.356,840.640
steigen_04gk-kb_kk_ifg_sb_sl_eo.conc.ort.trs,steigen_04gk-kb,193,4.356,840.640
stokkoeya_24-29_hl_kk_lh.trs,stokkoeya_24-29,375,3.395,1273.160
stokkoeya_24-29_hl_kk_lh_ifg_akl.conc.ort.trs,stokkoeya_24-29,375,3.395,1273.160
stokkoeya_24-aml_hl_kk_ifg.trs,stokkoeya_24-aml,237,3.668,869.200
stokkoeya_24-aml_hl_kk_ifg_ifg_akl.conc.ort.trs,stokkoeya_24-aml,237,3.668,869.200
stokkoeya_29-aml_hl_kk_ifg.trs,stokkoeya_29-aml,138,6.324,872.720
stokkoeya_29-aml_hl_kk_ifg_ifg_akl.conc.ort.trs,stokkoeya_29-aml,138,6.324,872.720
stokkoeya_31-33_ifg_hl_eo.trs,stokkoeya_31-33,295,3.303,974.320
stokkoeya_31-33_ifg_hl_eo_ifg_akl.conc.ort.trs,stokkoeya_31-33,295,3.303,974.320
stokkoeya_33-pmk_ifg_kk_eo.trs,stokkoeya_33-pmk,145,5.926,859.200
stokkoeya_33-pmk_ifg_kk_eo_ifg_akl.conc.ort.trs,stokkoeya_33-pmk,145,5.926,859.200
stonglandseidet_47-50_lh_as.trs,stonglandseidet_47-50,314,5.148,1616.600
stonglandseidet_47-50_lh_as_kh_akl.conc.ort.trs,stonglandseidet_47-50,314,5.148,1616.600
stonglandseidet_47-jbj_lh_as.trs,stonglandseidet_47-jbj,227,5.244,1190.280
stonglandseidet_47-jbj_lh_as_kh_akl.conc.ort.trs,stonglandseidet_47-jbj,227,5.244,1190.280
stonglandseidet_50-jbj_lh_as.trs,stonglandseidet_50-jbj,146,4.755,694.240
stonglandseidet_50-jbj_lh_as_kh_akl.conc.ort.trs,stonglandseidet_50-jbj,146,4.755,694.240
stranda_01um-02uk_hl_eo.trs,stranda_01um-02uk,416,4.375,1820.080
stranda_01um-02uk_hl_eo_eo_akl.conc.ort.trs,stranda_01um-02uk,416,4.375,1820.080
stranda_01um-ta_hl_kk.trs,stranda_01um-ta,120,5.950,714.000
stranda_01um-ta_hl_kk_eo_akl.conc.ort.trs,stranda_01um-ta,120,5.950,714.000
stranda_02uk-ta_hl_kk.trs,stranda_02uk-ta,104,5.409,562.520
stranda_02uk-ta_hl_kk_eo_akl.conc.ort.trs,stranda_02uk-ta,104,5.409,562.520
stranda_03gm-04gk_sb_ifg.trs,stranda_03gm-04gk,644,2.783,1792.520
stranda_03gm-04gk_sb_ifg_akl_eo.conc.ort.trs,stranda_03gm-04gk,644,2.783,1792.520
stranda_03gm-ta_sb_ifg.trs,stranda_03gm-ta,161,4.053,652.520
stranda_03gm-ta_sb_ifg_akl_eo.conc.ort.trs,stranda_03gm-ta,161,4.053,652.520
stranda_04gk-ta_sb_kk.trs,stranda_04gk-ta,172,3.619,622.520
stranda_04gk-ta_sb_kk_akl_eo.conc.ort.trs,stranda_04gk-ta,172,3.619,622.520
stryn_01um-02uk_sr_lh.trs,stryn_01um-02uk,546,3.192,1743.040
stryn_01um-02uk_sr_lh_sl.conc.ort.trs,stryn_01um-02uk,546,3.192,1743.040
stryn_01um-as_sr_as.trs,stryn_01um-as,86,7.404,636.720
stryn_01um-as_sr_as_sl.conc.ort.trs,stryn_01um-as,86,7.404,636.720
stryn_02uk-as_sr_lh_eo.trs,stryn_02uk-as,98,4.971,487.200
stryn_02uk-as_sr_lh_eo_sl.conc.ort.trs,stryn_02uk-as,98,4.971,487.200
stryn_03gm-04gk_sb_lh.trs,stryn_03gm-04gk,317,4.483,1421.120
stryn_03gm-04gk_sb_lh_sl.conc.ort.trs,stryn_03gm-04gk,317,4.483,1421.120
stryn_03gm-as_sb_lh.trs,stryn_03gm-as,98,6.460,633.120
stryn_03gm-as_sb_lh_sl.conc.ort.trs,stryn_03gm-as,98,6.460,633.120
stryn_04gk-as_sb_hcfh_lh.trs,stryn_04gk-as,114,5.355,610.440
stryn_04gk-as_sb_hcfh_lh_sl.conc.ort.trs,stryn_04gk-as,114,5.355,610.440
suldal_01um-02uk_ahl_amg.trs,suldal_01um-02uk,426,3.774,1607.520
suldal_01um-02uk_ahl_amg_amg.conc.ort.trs,suldal_01um-02uk,426,3.774,1607.520
suldal_01um-sr_ahl_lh.trs,suldal_01um-sr,107,6.074,649.920
suldal_01um-sr_ahl_lh_amg.conc.ort.trs,suldal_01um-sr,107,6.074,649.920
suldal_02uk-ks_ahl_lh.trs,suldal_02uk-ks,126,5.157,649.720
suldal_02uk-ks_ahl_lh_amg.conc.ort.trs,suldal_02uk-ks,126,5.157,649.720
suldal_03gm-04gk_sb_amg.trs,suldal_03gm-04gk,526,3.108,1634.632
suldal_03gm-04gk_sb_amg_amg.conc.ort.trs,suldal_03gm-04gk,526,3.108,1634.632
suldal_03gm-sr_sb_amg.trs,suldal_03gm-sr,183,4.766,872.103
suldal_03gm-sr_sb_amg_amg.conc.ort.trs,suldal_03gm-sr,183,4.766,872.103
surnadal_18-19_ifg_sb.trs,surnadal_18-19,357,4.011,1431.840
surnadal_18-19_ifg_sb_ifg_akl.conc.ort.trs,surnadal_18-19,357,4.011,1431.840
surnadal_18-jbj_ifg_sb.trs,surnadal_18-jbj,192,5.615,1078.080
surnadal_18-jbj_ifg_sb_ifg_akl.conc.ort.trs,surnadal_18-jbj,192,5.615,1078.080
surnadal_19-jbj_ifg_sb.trs,surnadal_19-jbj,203,4.803,975.000
surnadal_19-jbj_ifg_sb_ifg_akl.conc.ort.trs,surnadal_19-jbj,203,4.803,975.000
surnadal_28-29_eo_sb.trs,surnadal_28-29,362,4.209,1523.520
surnadal_28-29_eo_sb_ifg_akl.conc.ort.trs,surnadal_28-29,362,4.209,1523.520
surnadal_28-sl_eo_sb.trs,surnadal_28-sl,110,4.023,442.560
surnadal_28-sl_eo_sb_ifg_akl.conc.ort.trs,surnadal_28-sl,110,4.023,442.560
surnadal_29-sl_eo_sb.trs,surnadal_29-sl,120,3.420,410.400
surnadal_29-sl_eo_sb_ifg_akl.conc.ort.trs,surnadal_29-sl,120,3.420,410.400
sylling_01um-02uk_ahl_lh.trs,sylling_01um-02uk,504,3.110,1567.680
sylling_01um-02uk_ahl_lh_akl_akl.conc.ort.trs,sylling_01um-02uk,504,3.110,1567.680
sylling_01um-ahl_ahl_amg.trs,sylling_01um-ahl,100,7.738,773.760
sylling_01um-ahl_ahl_amg_akl_eo.conc.ort.trs,sylling_01um-ahl,100,7.738,773.760
sylling_02uk-ahl_ahl_lh.trs,sylling_02uk-ahl,242,4.625,1119.360
sylling_02uk-ahl_ahl_lh_akl_eo.conc.ort.trs,sylling_02uk-ahl,242,4.625,1119.360
sylling_03gm-04gk_ifg_amg.trs,sylling_03gm-04gk,363,3.918,1422.240
sylling_03gm-04gk_ifg_amg_akl_eo.conc.ort.trs,sylling_03gm-04gk,363,3.918,1422.240
sylling_03gm-ahl_ifg_amg.trs,sylling_03gm-ahl,139,8.191,1138.560
sylling_03gm-ahl_ifg_amg_akl_eo.conc.ort.trs,sylling_03gm-ahl,139,8.191,1138.560
sylling_04gk-ahl_ifg_amg.trs,sylling_04gk-ahl,129,7.055,910.080
sylling_04gk-ahl_ifg_amg_akl_eo.conc.ort.trs,sylling_04gk-ahl,129,7.055,910.080
tana_01um-02uk_hl_eo.trs,tana_01um-02uk,435,6.061,2636.320
tana_01um-02uk_hl_eo_eo_et.conc.ort.trs,tana_01um-02uk,435,6.061,2636.320
tana_01um-ov_hl_eo.trs,tana_01um-ov,100,5.702,570.200
tana_01um-ov_hl_eo_eo_et.conc.ort.trs,tana_01um-ov,100,5.702,570.200
tana_02uk-ov_hl_eo.trs,tana_02uk-ov,87,6.818,593.200
tana_02uk-ov_hl_eo_eo_et.conc.ort.trs,tana_02uk-ov,87,6.818,593.200
tana_03gm-04gk_kk_ifg.trs,tana_03gm-04gk,579,4.149,2402.360
tana_03gm-04gk_kk_ifg_eo_et.conc.ort.trs,tana_03gm-04gk,579,4.149,2402.360
tana_03gm-ov_kk_sb.trs,tana_03gm-ov,170,4.744,806.400
tana_03gm-ov_kk_sb_eo_et.conc.ort.trs,tana_03gm-ov,170,4.744,806.400
tana_04gk-ov_kk_sb.trs,tana_04gk-ov,141,4.496,633.920
tana_04gk-ov_kk_sb_eo_et.conc.ort.trs,tana_04gk-ov,141,4.496,633.920
time_01um-02uk_sr_amg.trs,time_01um-02uk,325,3.090,1004.200
time_01um-02uk_sr_amg_amg_et_eo.conc.ort.trs,time_01um-02uk,325,3.090,1004.200
time_01um-jbj_sr_amg.trs,time_01um-jbj,247,3.335,823.640
time_01um-jbj_sr_amg_amg_vb_eo.conc.ort.trs,time_01um-jbj,247,3.335,823.640
time_02uk-sr_ahl_amg.trs,time_02uk-sr,128,4.506,576.720
time_02uk-sr_ahl_amg_amg_vb_eo.conc.ort.trs,time_02uk-sr,128,4.506,576.720
time_03gm-04gk_ahl_amg.trs,time_03gm-04gk,342,5.292,1809.960
time_03gm-04gk_ahl_amg_amg_vb_eo.conc.ort.trs,time_03gm-04gk,342,5.292,1809.960
time_03gm-sr_sr_amg.trs,time_03gm-sr,99,7.647,757.080
time_03gm-sr_sr_amg_amg_vb_eo.conc.ort.trs,time_03gm-sr,99,7.647,757.080
time_04gk-jbj_ahl_amg.trs,time_04gk-jbj,164,4.993,818.800
time_04gk-jbj_ahl_amg_amg_et_eo.conc.ort.trs,time_04gk-jbj,164,4.993,818.800
tinn_01um-05um_amg_lh.trs,tinn_01um-05um,379,3.206,1214.960
tinn_01um-05um_amg_lh_amg.conc.ort.trs,tinn_01um-05um,379,3.206,1214.960
tinn_01um-sl_amg_as.trs,tinn_01um-sl,87,5.775,502.440
tinn_01um-sl_amg_as_amg.conc.ort.trs,tinn_01um-sl,87,5.775,502.440
tinn_03gm-04gk_amg_lh.trs,tinn_03gm-04gk,330,4.271,1409.520
tinn_03gm-04gk_amg_lh_amg.conc.ort.trs,tinn_03gm-04gk,330,4.271,1409.520
tinn_03gm-mi_amg_lh.trs,tinn_03gm-mi,156,7.788,1215.000
tinn_03gm-mi_amg_lh_amg.conc.ort.trs,tinn_03gm-mi,156,7.788,1215.000
tinn_04gk-mi_amg_lh.trs,tinn_04gk-mi,166,6.552,1087.600
tinn_04gk-mi_amg_lh_amg_akl.conc.ort.trs,tinn_04gk-mi,166,6.552,1087.600
tinn_05um-sl_amg_as.trs,tinn_05um-sl,125,7.057,882.160
tinn_05um-sl_amg_as_amg.conc.ort.trs,tinn_05um-sl,125,7.057,882.160
todalen_01um-02uk_ifg_lh.trs,todalen_01um-02uk,272,3.110,845.960
todalen_01um-02uk_ifg_lh_akl_vb.conc.ort.trs,todalen_01um-02uk,272,3.110,845.960
todalen_01um-ta_ifg_lh.trs,todalen_01um-ta,173,4.925,852.000
todalen_01um-ta_ifg_lh_akl_vb.conc.ort.trs,todalen_01um-ta,173,4.925,852.000
todalen_02uk-ta_ifg_lh.trs,todalen_02uk-ta,139,4.791,666.000
todalen_02uk-ta_ifg_lh_akl_vb.conc.ort.trs,todalen_02uk-ta,139,4.791,666.000
todalen_03gm-04gk_sb_lh.trs,todalen_03gm-04gk,599,3.235,1938.000
todalen_03gm-04gk_sb_lh_akl_vb.conc.ort.trs,todalen_03gm-04gk,599,3.235,1938.000
todalen_03gm-ta_sb_lh.trs,todalen_03gm-ta,132,5.769,761.520
todalen_03gm-ta_sb_lh_akl_vb.conc.ort.trs,todalen_03gm-ta,132,5.769,761.520
todalen_04gk-ta_sb_lh.trs,todalen_04gk-ta,264,3.727,984.000
todalen_04gk-ta_sb_lh_akl_vb.conc.ort.trs,todalen_04gk-ta,264,3.727,984.000
tromsoe_01um-02uk_ahl_sb.trs,tromsoe_01um-02uk,693,3.369,2334.440
tromsoe_01um-02uk_ahl_sb_akl_eo.conc.ort.trs,tromsoe_01um-02uk,693,3.369,2334.440
tromsoe_01um-kb_ahl_ifg_sb.trs,tromsoe_01um-kb,121,5.308,642.320
tromsoe_01um-kb_ahl_ifg_sb_sl_eo.conc.ort.trs,tromsoe_01um-kb,121,5.308,642.320
tromsoe_02uk-kb_ahl_ifg_sb.trs,tromsoe_02uk-kb,112,6.134,686.960
tromsoe_02uk-kb_ahl_ifg_sb_sl_eo.conc.ort.trs,tromsoe_02uk-kb,112,6.134,686.960
tromsoe_03gm-04gk_sb_kk_eo_akl.trs,tromsoe_03gm-04gk,545,3.734,2035.120
tromsoe_03gm-04gk_sb_kk_eo_akl_eo.conc.ort.trs,tromsoe_03gm-04gk,545,3.734,2035.120
tromsoe_03gm-kb_sb_kk_eo.trs,tromsoe_03gm-kb,257,4.421,1136.120
tromsoe_03gm-kb_sb_kk_eo_akl_eo.conc.ort.trs,tromsoe_03gm-kb,257,4.421,1136.120
tromsoe_04gk-kb_sb_kk_lh.trs,tromsoe_04gk-kb,210,4.571,960.000
tromsoe_04gk-kb_sb_kk_lh_akl_eo.conc.ort.trs,tromsoe_04gk-kb,210,4.571,960.000
trondheim_01um-02uk_ifg_sb.trs,trondheim_01um-02uk,473,3.241,1533.080
trondheim_01um-02uk_ifg_sb_akl_vb.conc.ort.trs,trondheim_01um-02uk,473,3.241,1533.080
trondheim_01um-lks_ifg_sb.trs,trondheim_01um-lks,86,6.273,539.520
trondheim_01um-lks_ifg_sb_akl_vb.conc.ort.trs,trondheim_01um-lks,86,6.273,539.520
trondheim_02uk-lks_ifg_sb.trs,trondheim_02uk-lks,95,5.925,562.880
trondheim_02uk-lks_ifg_sb_akl_vb.conc.ort.trs,trondheim_02uk-lks,95,5.925,562.880
trondheim_03gm-04gk_sb_amg.trs,trondheim_03gm-04gk,379,3.261,1236.000
trondheim_03gm-04gk_sb_amg_amg.conc.ort.trs,trondheim_03gm-04gk,379,3.261,1236.000
trondheim_03gm-ran_sb_amg.trs,trondheim_03gm-ran,152,4.332,658.400
trondheim_03gm-ran_sb_amg_amg.conc.ort.trs,trondheim_03gm-ran,152,4.332,658.400
trondheim_04gk-ran_sb_amg.trs,trondheim_04gk-ran,188,3.479,654.000
trondheim_04gk-ran_sb_amg_amg.conc.ort.trs,trondheim_04gk-ran,188,3.479,654.000
trysil_01um-02uk_sb_mi.trs,trysil_01um-02uk,380,2.978,1131.760
trysil_01um-02uk_sb_mi_sl.conc.ort.trs,trysil_01um-02uk,380,2.978,1131.760
trysil_01um-ifg_sb_mi.trs,trysil_01um-ifg,146,6.343,926.120
trysil_01um-ifg_sb_mi_sl.conc.ort.trs,trysil_01um-ifg,146,6.343,926.120
trysil_02uk-sl_sb_lh.trs,trysil_02uk-sl,161,4.421,711.720
trysil_02uk-sl_sb_lh_sl.conc.ort.trs,trysil_02uk-sl,161,4.421,711.720
trysil_03gm-04gk_eo_ifg_amg.trs,trysil_03gm-04gk,266,3.905,1038.720
trysil_03gm-04gk_eo_ifg_amg_amg.conc.ort.trs,trysil_03gm-04gk,266,3.905,1038.720
trysil_03gm-ifg_eo_lh.trs,trysil_03gm-ifg,95,8.559,813.080
trysil_03gm-ifg_eo_lh_amg.conc.ort.trs,trysil_03gm-ifg,95,8.559,813.080
trysil_04gk-sl_eo_lh.trs,trysil_04gk-sl,179,4.366,781.440
trysil_04gk-sl_eo_lh_amg.conc.ort.trs,trysil_04gk-sl,179,4.366,781.440
valle_01um-02uk_eo_amg.trs,valle_01um-02uk,237,5.405,1281.000
valle_01um-02uk_eo_amg_akl.conc.ort.trs,valle_01um-02uk,237,5.405,1281.000
valle_01um-sl_eo_amg.trs,valle_01um-sl,114,7.237,825.000
valle_01um-sl_eo_amg_akl_akl.conc.ort.trs,valle_01um-sl,114,7.237,825.000
valle_02uk-eo_eo_amg.trs,valle_02uk-eo,151,5.688,858.840
valle_02uk-eo_eo_amg_akl.conc.ort.trs,valle_02uk-eo,151,5.688,858.840
valle_03gm-04gk_eo_amg_lh.trs,valle_03gm-04gk,330,4.146,1368.160
valle_03gm-04gk_eo_amg_lh_akl.conc.ort.trs,valle_03gm-04gk,330,4.146,1368.160
valle_03gm-eo_eo_amg.trs,valle_03gm-eo,129,6.466,834.120
valle_03gm-eo_eo_amg_akl.conc.ort.trs,valle_03gm-eo,129,6.466,834.120
valle_04gk-sl_eo_amg.trs,valle_04gk-sl,139,5.999,833.800
valle_04gk-sl_eo_amg_akl.conc.ort.trs,valle_04gk-sl,139,5.999,833.800
vang_01um-02uk_eo_amg_as.trs,vang_01um-02uk,270,4.869,1314.640
vang_01um-02uk_eo_amg_as_sl.conc.ort.trs,vang_01um-02uk,270,4.869,1314.640
vang_01um-mi_eo_as.trs,vang_01um-mi,127,6.152,781.280
vang_01um-mi_eo_as_sl.conc.ort.trs,vang_01um-mi,127,6.152,781.280
vang_02uk-sl_eo_as.trs,vang_02uk-sl,89,5.902,525.240
vang_02uk-sl_eo_as_sl.conc.ort.trs,vang_02uk-sl,89,5.902,525.240
vang_03gm-04gk_lh_eo_sl.trs,vang_03gm-04gk,248,5.237,1298.880
vang_03gm-04gk_lh_eo_sl_sl.conc.ort.trs,vang_03gm-04gk,248,5.237,1298.880
vang_03gm-sl_lh_eo_as.trs,vang_03gm-sl,164,6.885,1129.120
vang_03gm-sl_lh_eo_as_sl.conc.ort.trs,vang_03gm-sl,164,6.885,1129.120
vang_04gk-mi_lh_eo_as.trs,vang_04gk-mi,161,6.537,1052.520
vang_04gk-mi_lh_eo_as_sl.conc.ort.trs,vang_04gk-mi,161,6.537,1052.520
vardoe_01um-02uk_eo_kk.trs,vardoe_01um-02uk,535,4.619,2470.960
vardoe_01um-02uk_eo_kk_eo_akl.conc.ort.trs,vardoe_01um-02uk,535,4.619,2470.960
vardoe_01um-kb_eo_kk.trs,vardoe_01um-kb,154,4.973,765.840
vardoe_01um-kb_eo_kk_eo_akl.conc.ort.trs,vardoe_01um-kb,154,4.973,765.840
vardoe_02uk-kb_eo_kk.trs,vardoe_02uk-kb,186,5.228,972.400
vardoe_02uk-kb_eo_kk_eo_akl.conc.ort.trs,vardoe_02uk-kb,186,5.228,972.400
vardoe_03gm-04gk_kk_eo.trs,vardoe_03gm-04gk,649,4.488,2913.000
vardoe_03gm-04gk_kk_eo_akl_eo.conc.ort.trs,vardoe_03gm-04gk,649,4.488,2913.000
vardoe_03gm-kb_kk_eo.trs,vardoe_03gm-kb,215,5.285,1136.320
vardoe_03gm-kb_kk_eo_eo_akl.conc.ort.trs,vardoe_03gm-kb,215,5.285,1136.320
vardoe_04gk-kb_kk_eo.trs,vardoe_04gk-kb,269,4.811,1294.040
vardoe_04gk-kb_kk_eo_eo_akl.conc.ort.trs,vardoe_04gk-kb,269,4.811,1294.040
vegaarshei_01um-02uk_ifg_eo.trs,vegaarshei_01um-02uk,338,3.260,1102.040
vegaarshei_01um-02uk_ifg_eo_sl_et.conc.ort.trs,vegaarshei_01um-02uk,338,3.260,1102.040
vegaarshei_01um-sl_lh_amg.trs,vegaarshei_01um-sl,187,5.936,1110.000
vegaarshei_01um-sl_lh_amg_sl_et.conc.ort.trs,vegaarshei_01um-sl,187,5.936,1110.000
vegaarshei_02uk-eo_sr_eo.trs,vegaarshei_02uk-eo,265,4.546,1204.600
vegaarshei_02uk-eo_sr_eo_sl_et.conc.ort.trs,vegaarshei_02uk-eo,265,4.546,1204.600
vegaarshei_03gm-04gk_sb_eo_lh.trs,vegaarshei_03gm-04gk,347,3.510,1218.000
vegaarshei_03gm-04gk_sb_eo_lh_sl_et.conc.ort.trs,vegaarshei_03gm-04gk,347,3.510,1218.000
vegaarshei_03gm-sl_eo_lh.trs,vegaarshei_03gm-sl,121,7.339,888.000
vegaarshei_03gm-sl_eo_lh_sl_et_eo.conc.ort.trs,vegaarshei_03gm-sl,121,7.339,888.000
vegaarshei_04gk-eo_sb_lh.trs,vegaarshei_04gk-eo,149,4.890,728.640
vegaarshei_04gk-eo_sb_lh_sl_vb.conc.ort.trs,vegaarshei_04gk-eo,149,4.890,728.640
vennesla_01um-02uk_eo_lh.trs,vennesla_01um-02uk,514,2.457,1263.040
vennesla_01um-02uk_eo_lh_akl.conc.ort.trs,vennesla_01um-02uk,514,2.457,1263.040
vennesla_01um-sl_eo_lh.trs,vennesla_01um-sl,107,5.687,608.480
vennesla_01um-sl_eo_lh_akl.conc.ort.trs,vennesla_01um-sl,107,5.687,608.480
vennesla_02uk-sl_eo_lh.trs,vennesla_02uk-sl,112,5.883,658.880
vennesla_02uk-sl_eo_lh_akl.conc.ort.trs,vennesla_02uk-sl,112,5.883,658.880
vennesla_03gm-04gk_lh_mi.trs,vennesla_03gm-04gk,467,2.402,1121.800
vennesla_03gm-04gk_lh_mi_akl.conc.ort.trs,vennesla_03gm-04gk,467,2.402,1121.800
vennesla_03gm-sl_lh_ahl_lh.trs,vennesla_03gm-sl,115,20.618,2371.080
vennesla_03gm-sl_lh_ahl_lh_akl.conc.ort.trs,vennesla_03gm-sl,115,20.618,2371.080
vennesla_04gk-sl_lh_mi.trs,vennesla_04gk-sl,178,3.154,561.440
vennesla_04gk-sl_lh_mi_akl.conc.ort.trs,vennesla_04gk-sl,178,3.154,561.440
vestre_slidre_03gm-04gk_ifg_eo.trs,vestre_slidre_03gm-04gk,357,3.765,1344.000
vestre_slidre_03gm-04gk_ifg_eo_ifg_akl.conc.ort.trs,vestre_slidre_03gm-04gk,357,3.765,1344.000
vestre_slidre_03gm-ifg_ifg_eo.trs,vestre_slidre_03gm-ifg,127,5.125,650.880
vestre_slidre_03gm-ifg_ifg_eo_ifg_akl.conc.ort.trs,vestre_slidre_03gm-ifg,127,5.125,650.880
vestre_slidre_04gk-ifg_ifg_eo.trs,vestre_slidre_04gk-ifg,195,4.961,967.360
vestre_slidre_04gk-ifg_ifg_eo_ifg_akl.conc.ort.trs,vestre_slidre_04gk-ifg,195,4.961,967.360
vinje_01um-05um_amg_lh.trs,vinje_01um-05um,333,3.820,1272.000
vinje_01um-05um_amg_lh_amg.conc.ort.trs,vinje_01um-05um,333,3.820,1272.000
vinje_01um-as_amg_lh.trs,vinje_01um-as,67,5.074,339.960
vinje_01um-as_amg_lh_amg.conc.ort.trs,vinje_01um-as,67,5.074,339.960
vinje_04gk-08gk_lh_mi.trs,vinje_04gk-08gk,172,7.003,1204.480
vinje_04gk-08gk_lh_mi_amg.conc.ort.trs,vinje_04gk-08gk,174,6.922,1204.480
vinje_04gk-sl_lh_amg_mi.trs,vinje_04gk-sl,121,7.537,912.000
vinje_04gk-sl_lh_amg_mi_amg.conc.ort.trs,vinje_04gk-sl,121,7.537,912.000
vinje_05um-as_amg_lh.trs,vinje_05um-as,85,5.252,446.440
vinje_05um-as_amg_lh_amg.conc.ort.trs,vinje_05um-as,85,5.252,446.440
vinje_08gk-sl_lh_sl_mi.trs,vinje_08gk-sl,131,7.274,952.920
vinje_08gk-sl_lh_sl_mi_amg.conc.ort.trs,vinje_08gk-sl,131,7.274,952.920
volda_01um-02uk_sb_ifg.trs,volda_01um-02uk,350,3.776,1321.440
volda_01um-02uk_sb_ifg_ifg_et.conc.ort.trs,volda_01um-02uk,350,3.776,1321.440
volda_01um-amr_sb_ifg.trs,volda_01um-amr,88,5.668,498.760
volda_01um-amr_sb_ifg_ifg_et.conc.ort.trs,volda_01um-amr,88,5.668,498.760
volda_02uk-amr_sb_ifg.trs,volda_02uk-amr,132,4.571,603.320
volda_02uk-amr_sb_ifg_ifg_et.conc.ort.trs,volda_02uk-amr,132,4.571,603.320
volda_03gm-04gk_sb_eo.trs,volda_03gm-04gk,374,3.251,1215.880
volda_03gm-04gk_sb_eo_ifg_et.conc.ort.trs,volda_03gm-04gk,374,3.251,1215.880
volda_03gm-amr_sb_eo.trs,volda_03gm-amr,135,6.660,899.080
volda_03gm-amr_sb_eo_ifg_vb_eo.conc.ort.trs,volda_03gm-amr,135,6.660,899.080
volda_04gk-amr_sb_eo.trs,volda_04gk-amr,194,3.961,768.480
volda_04gk-amr_sb_eo_ifg_et.conc.ort.trs,volda_04gk-amr,194,3.961,768.480
voss_01um-02uk_mi_lh.trs,voss_01um-02uk,421,3.570,1502.760
voss_01um-02uk_mi_lh_amg_akl.conc.ort.trs,voss_01um-02uk,421,3.570,1502.760
voss_01um-sl_mi_lh.trs,voss_01um-sl,153,4.259,651.640
voss_01um-sl_mi_lh_amg_akl.conc.ort.trs,voss_01um-sl,153,4.259,651.640
voss_02uk-mi_sb_mi.trs,voss_02uk-mi,112,6.483,726.080
voss_02uk-mi_sb_mi_amg_akl.conc.ort.trs,voss_02uk-mi,112,6.483,726.080
voss_03gm-04gk_sb_mi.trs,voss_03gm-04gk,383,3.525,1350.040
voss_03gm-04gk_sb_mi_amg_akl.conc.ort.trs,voss_03gm-04gk,383,3.525,1350.040
voss_03gm-mi_sb_mi.trs,voss_03gm-mi,102,6.353,647.960
voss_03gm-mi_sb_mi_amg_akl.conc.ort.trs,voss_03gm-mi,102,6.353,647.960
voss_04gk-sl_mi_lh.trs,voss_04gk-sl,244,3.480,849.080
voss_04gk-sl_mi_lh_amg_akl.conc.ort.trs,voss_04gk-sl,244,3.480,849.080
