file,n_speakers_declared,total_turns,total_duration_sec,overlap_turns_original,overlap_sec_original,overlap_pct_original,overlap_turns_after_threshold,overlap_sec_after_threshold,overlap_pct_after_threshold,unresolved_multi_no_who_turns,unresolved_multi_no_who_sec,assigned_due_to_threshold_turns,words_threshold,sec_spk1,sec_spk2,sec_spk3,sec_spk4,sec_spk5
aal_01um-02uk_sb_eo.trs,2,258,1101.12,126,911.809,82.81,47,511.954,46.49,0,0.0,79,2,364.616,214.629,,,
aal_01um-sl_mi_lh.trs,2,52,552.0,16,151.31,27.41,2,10.202,1.85,0,0.0,14,2,72.185,464.367,,,
aal_02uk-amg_sb_eo.trs,2,148,920.16,30,186.983,20.32,5,45.363,4.93,0,0.0,25,2,579.663,240.797,,,
aal_03gm-04gk_ifg_eo.trs,4,310,1308.96,218,1143.637,87.37,118,822.239,62.82,0,0.0,100,2,221.338,253.553,5.629,,
aal_03gm-amg_ifg_lh.trs,2,87,811.68,26,240.481,29.63,7,99.544,12.26,0,0.0,19,2,151.75,509.705,,,
aal_04gk-sl_ifg_lh.trs,2,113,853.92,46,212.663,24.9,16,55.04,6.45,0,0.0,30,2,113.122,664.105,,,
aaseral_01um-02uk_hcfh_lh_eo.trs,3,223,1098.84,147,911.691,82.97,56,434.282,39.52,0,0.0,91,2,353.373,284.596,,,
aaseral_01um-sl_hcfh_eo_ifg_lh.trs,2,99,810.2,27,131.707,16.26,3,18.259,2.25,0,0.0,24,2,198.401,570.875,,,
aaseral_02uk-sl_hcfh_eo_lh.trs,2,130,746.68,43,167.206,22.39,13,55.134,7.38,0,0.0,30,2,166.39,507.829,,,
aaseral_03gm-04gk_eo_lh.trs,2,217,1456.56,169,1267.931,87.05,95,929.352,63.8,0,0.0,74,2,218.794,292.894,,,
aaseral_03gm-eo_eo_lh.trs,2,45,818.92,6,23.602,2.88,2,8.632,1.05,0,0.0,4,2,81.871,721.166,,,
alvdal_01um-02uk_hcfh_sl_as.trs,3,227,1045.4,127,842.978,80.64,52,558.541,53.43,0,0.0,75,2,233.712,221.787,4.293,,
alvdal_01um-jbj_hcfh_sl_as.trs,2,189,948.0,51,291.095,30.71,22,150.884,15.92,0,0.0,29,2,231.945,534.459,,,
alvdal_02uk-jbj_hcfh_sl_as.trs,2,209,1670.6,85,646.616,38.71,45,391.837,23.45,0,0.0,40,2,252.816,825.161,,,
alvdal_03gm-04gk_hcfh_as.trs,3,283,1439.934,163,1090.188,75.71,96,826.338,57.39,0,0.0,67,2,309.058,214.422,4.474,,
alvdal_03gm-jbj_hcfh_as.trs,2,114,990.28,36,263.102,26.57,7,43.09,4.35,0,0.0,29,2,179.524,677.078,,,
alvdal_04gk-jbj_hcfh_amg_as.trs,2,177,961.96,32,144.992,15.07,10,47.392,4.93,0,0.0,22,2,281.003,632.635,,,
aremark_01um-02uk_ahl_eo.trs,3,375,1222.08,157,812.063,66.45,45,288.826,23.63,0,0.0,112,2,390.522,531.357,,0.93,
aremark_01um-lh_ahl_eo.trs,2,145,732.48,40,172.755,23.58,13,74.822,10.21,0,0.0,27,2,233.767,410.417,,,
aremark_02uk-lh_ahl_eo.trs,2,154,520.16,48,200.441,38.53,13,49.394,9.5,0,0.0,35,2,232.904,207.71,,,
aremark_03gm-04gk_eo_sb.trs,2,265,1816.8,228,1700.552,93.6,132,1319.888,72.65,0,0.0,96,2,160.649,320.357,,,
aremark_03gm-lh_eo_sb.trs,2,105,899.04,36,221.491,24.64,17,88.882,9.89,0,0.0,19,2,618.29,177.321,,,
aremark_04gk-rvf_eo_sb.trs,2,209,915.36,110,354.233,38.7,50,196.137,21.43,0,0.0,60,2,150.22,527.684,,,
aure_01um-02uk_sb_amg.trs,2,162,1252.4,97,1014.975,81.04,36,545.599,43.56,0,0.0,61,2,379.75,294.424,,,
aure_01um-ta_sb_lh.trs,2,96,714.0,26,172.248,24.12,11,86.532,12.12,0,0.0,15,2,394.874,191.781,,,
aure_02uk-ta_sb_lh.trs,2,113,792.76,36,395.98,49.95,13,213.509,26.93,0,0.0,23,2,332.482,216.101,,,
aure_03gm-04gk_sb_lh.trs,2,185,1152.0,111,930.867,80.8,57,625.579,54.3,0,0.0,54,2,203.961,315.95,,,
aure_03gm-ta_sb_lh.trs,2,75,639.8,17,173.88,27.18,7,82.752,12.93,0,0.0,10,2,422.72,129.392,,,
aure_04gk-ta_sb_lh.trs,2,52,678.0,18,157.537,23.24,7,106.049,15.64,0,0.0,11,2,465.014,89.744,,,
ballangen_01um-02uk_ifg_eo.trs,2,407,1661.12,132,807.48,48.61,24,182.439,10.98,0,0.0,108,2,877.719,566.287,,,
ballangen_01um-kb_ifg_eo.trs,2,98,490.68,26,157.815,32.16,4,32.916,6.71,0,0.0,22,2,267.93,177.481,,,
ballangen_02uk-kb_ifg_eo.trs,2,105,528.8,37,183.189,34.64,7,29.862,5.65,0,0.0,30,2,176.145,287.642,,,
ballangen_03gm-04gk_kk_sb.trs,3,154,1802.76,127,1720.204,95.42,100,1587.697,88.07,0,0.0,27,2,93.332,98.567,6.834,,
ballangen_03gm-kb_kk_sb.trs,2,82,703.68,39,364.212,51.76,20,218.841,31.1,0,0.0,19,2,394.118,77.169,,,
ballangen_04gk-kb_kk_sb.trs,2,88,660.04,49,371.085,56.22,19,162.93,24.68,0,0.0,30,2,404.018,81.551,,,
beiarn_01um-02uk_kk_sb.trs,2,417,2036.28,262,1662.781,81.66,71,602.452,29.59,0,0.0,191,2,597.33,823.935,,,
beiarn_01um-kb_kk_sb.trs,3,132,724.52,48,188.925,26.08,14,48.869,6.74,0,0.0,34,2,418.85,215.97,1.469,,
beiarn_02uk-kb_kk_sb.trs,2,101,663.8,41,226.417,34.11,18,109.63,16.52,0,0.0,23,2,381.299,154.389,,,
beiarn_03gm-04gk_kk_sb.trs,2,273,1556.04,167,1194.021,76.73,60,543.477,34.93,0,0.0,107,2,523.579,485.337,,,
beiarn_03gm-kb_sb_kk.trs,2,190,790.0,77,377.91,47.84,31,155.343,19.66,0,0.0,46,2,493.984,126.736,,,
beiarn_04gk-kb_sb_kk.trs,2,174,677.68,58,201.039,29.67,20,88.917,13.12,0,0.0,38,2,361.526,189.033,,,
beiarn_05um-kb_kk_eo.trs,2,74,620.2,19,154.71,24.95,5,43.86,7.07,0,0.0,14,2,426.57,147.114,,,
bergen_01um-02uk_amg_sb_eo.trs,2,225,1060.8,100,624.629,58.88,27,228.711,21.56,0,0.0,73,2,421.53,268.422,,,
bergen_01um-mi_amg_sb_lh.trs,2,87,729.095,18,96.911,13.29,4,28.501,3.91,0,0.0,14,2,164.869,519.059,,,
bergen_02uk-sl_amg_sb_lh.trs,2,127,499.2,29,135.683,27.18,7,28.129,5.63,0,0.0,22,2,148.655,302.98,,,
bergen_03gm-04gk_sb_lh.trs,3,144,1278.24,114,1189.726,93.08,78,1020.922,79.87,0,0.0,36,2,131.311,111.078,0.954,,
bergen_03gm-mi_sb_lh.trs,3,39,690.24,14,105.933,15.35,5,66.322,9.61,0,0.0,9,2,579.181,36.915,,,
bergen_04gk-sl_sb_lh.trs,2,144,934.56,33,136.169,14.57,6,31.502,3.37,0,0.0,27,2,692.532,190.136,,,
bjugn_15-19_sb_ifg.trs,2,245,1748.16,173,1588.829,90.89,106,1340.371,76.67,0,0.0,67,2,167.705,186.236,,,
bjugn_15-aml_sb_ifg.trs,2,122,887.52,20,97.132,10.94,6,20.057,2.26,0,0.0,14,2,734.654,122.53,,,
bjugn_16-23_hl_kk_ifg.trs,2,228,1340.44,93,708.885,52.88,29,324.52,24.21,0,0.0,64,2,650.812,332.99,,,
bjugn_19-aml_sb_ifg.trs,2,90,842.88,33,141.527,16.79,15,83.024,9.85,0,0.0,18,2,651.637,85.015,,,
bjugn_23-pmk_hl_kk.trs,2,93,884.16,21,136.197,15.4,11,78.995,8.93,0,0.0,10,2,261.09,539.376,,,
bodoe_01um-02uk_eo_sb.trs,2,271,1307.64,101,835.501,63.89,33,359.679,27.51,0,0.0,68,2,451.303,493.391,,,
bodoe_01um-kb_eo_sb.trs,2,121,462.08,32,138.279,29.93,3,12.186,2.64,0,0.0,29,2,220.9,208.459,,,
bodoe_02uk-kb_eo_sb.trs,2,95,630.96,21,118.036,18.71,2,5.198,0.82,0,0.0,19,2,218.907,381.553,,,
bodoe_03gm-04gk_sb_eo.trs,2,176,1428.4,115,1286.832,90.09,67,946.257,66.25,0,0.0,48,2,195.089,276.692,,,
bodoe_03gm-kb_sb_eo.trs,2,99,727.64,20,121.318,16.67,5,55.025,7.56,0,0.0,15,2,465.818,179.73,,,
bodoe_04gk-kb_sb_eo.trs,2,143,703.16,39,145.268,20.66,15,72.193,10.27,0,0.0,24,2,432.362,172.993,,,
boemlo_01um-02uk_amg_sb_lh.trs,2,249,1236.502,144,1017.579,82.29,56,589.792,47.7,0,0.0,88,2,391.295,241.641,,,
boemlo_01um-sl_amg_sb_lh.trs,2,178,745.41,40,173.898,23.33,5,17.583,2.36,0,0.0,35,2,188.86,515.888,,,
boemlo_02uk-eo_amg_sb_lh.trs,2,59,661.793,8,76.56,11.57,0,0.0,0.0,0,0.0,8,2,99.925,556.383,,,
boemlo_03gm-04gk_ahl_lh.trs,2,159,1554.218,124,1447.179,93.11,84,1206.269,77.61,0,0.0,40,2,80.13,248.846,,,
boemlo_03gm-sl_ahl_lh.trs,2,103,1235.033,36,284.134,23.01,16,56.802,4.6,0,0.0,20,2,90.813,1081.647,,,
boemlo_04gk-eo_ahl_lh.trs,2,42,906.738,15,151.265,16.68,5,92.813,10.24,0,0.0,10,2,80.867,733.058,,,
botnhamn_03-06_as_mi_sl_as.trs,3,332,1910.12,164,1421.119,74.4,80,884.003,46.28,0,0.0,84,2,416.091,607.952,0.572,,
botnhamn_03-mn_mi_as.trs,2,65,692.72,29,263.011,37.97,11,43.039,6.21,0,0.0,18,2,33.751,606.248,,,
botnhamn_06-jbj_as.trs,2,75,684.36,13,110.067,16.08,5,44.482,6.5,0,0.0,8,2,456.427,183.451,,,
brekkom_01um-03gm_amg_eo_as.trs,3,294,1412.56,161,1056.554,74.8,60,541.284,38.32,0,0.0,101,2,382.489,459.794,7.445,,
brekkom_01um-sl_amg_eo_as.trs,3,64,467.96,9,44.846,9.58,0,0.0,0.0,0,0.0,9,2,344.676,122.855,0.429,,
brekkom_02uk-04gk_amg_hcfh_as.trs,2,276,1343.24,141,988.65,73.6,38,405.456,30.18,0,0.0,103,2,523.638,387.36,,,
brekkom_02uk-sl_amg_hcfh_as.trs,2,80,446.0,15,51.441,11.53,2,4.005,0.9,0,0.0,13,2,97.266,323.433,,,
brekkom_03gm-sl_amg_eo_as.trs,2,98,425.24,18,78.02,18.35,4,22.979,5.4,0,0.0,14,2,138.307,249.708,,,
brekkom_04gk-iii_amg_hcfh_as.trs,2,92,739.76,25,187.101,25.29,10,92.214,12.47,0,0.0,15,2,221.03,419.624,,,
brunlanes_01um-02uk_ahl_amg.trs,2,477,1523.52,250,1074.128,70.5,74,418.67,27.48,0,0.0,176,2,514.183,553.87,,,
brunlanes_01um-ifg_ahl_amg.trs,2,51,890.88,12,50.887,5.71,1,9.212,1.03,0,0.0,11,2,88.012,730.405,,,
brunlanes_02uk-ifg_ahl_amg.trs,2,126,864.0,42,222.127,25.71,9,40.518,4.69,0,0.0,33,2,213.062,589.529,,,
brunlanes_03gm-04gk_ifg_amg.trs,2,298,1582.56,204,1380.12,87.21,98,980.935,61.98,0,0.0,106,2,185.552,387.939,,,
brunlanes_03gm-ifg_ifg_amg.trs,2,68,839.04,15,166.329,19.82,4,8.018,0.96,0,0.0,11,2,83.214,722.577,,,
brunlanes_04gk-ifg_ifg_amg.trs,2,36,962.88,12,273.265,28.38,4,56.938,5.91,0,0.0,8,2,35.032,791.052,,,
bud_01um-02uk_eo_hl_ifg.trs,2,452,1823.36,184,1102.339,60.46,70,445.649,24.44,0,0.0,114,2,716.513,615.496,,,
bud_01um-ma_eo_lh.trs,2,102,668.72,24,128.912,19.28,7,47.798,7.15,0,0.0,17,2,513.903,88.465,,,
bud_02uk-ma_eo_hl_ifg.trs,2,113,675.0,24,108.036,16.01,3,8.049,1.19,0,0.0,21,2,199.611,455.321,,,
bud_03gm-04gk_hl_eo.trs,2,271,1830.92,114,1182.713,64.6,48,662.593,36.19,0,0.0,66,2,633.381,510.264,,,
bud_03gm-ma_hl_eo.trs,2,127,767.52,31,136.14,17.74,4,19.022,2.48,0,0.0,27,2,143.954,578.726,,,
bud_04gk-ma_hl_eo.trs,2,81,731.0,20,89.701,12.27,7,32.496,4.45,0,0.0,13,2,553.19,138.579,,,
dalsbygda_01um-02uk_ifg_eo.trs,2,337,1551.36,155,1086.713,70.05,46,434.132,27.98,0,0.0,109,2,567.433,539.278,,,
dalsbygda_01um-ifg_ifg_eo.trs,2,122,1646.88,22,130.428,7.92,2,9.624,0.58,0,0.0,20,2,226.777,439.713,,,
dalsbygda_02uk-ifg_ifg_eo.trs,2,143,812.88,44,219.221,26.97,6,49.878,6.14,0,0.0,38,2,225.339,526.568,,,
dalsbygda_03gm-04gk_ifg_eo.trs,2,267,1646.88,153,1351.072,82.04,72,929.959,56.47,0,0.0,81,2,265.799,438.178,,,
dalsbygda_03gm-ifg_ifg_eo.trs,3,127,936.16,26,145.4,15.53,5,20.5,2.19,0,0.0,21,2,223.177,677.332,4.284,,
dalsbygda_04gk-ifg_ifg_eo.trs,2,231,960.88,58,204.299,21.26,7,30.474,3.17,0,0.0,51,2,276.211,635.125,,,
darbu_01um-02uk_ifg_amg.trs,2,297,1645.64,147,1087.035,66.06,44,412.41,25.06,0,0.0,103,2,751.64,424.946,,,
darbu_01um-sl_ifg_amg.trs,2,134,749.04,32,153.785,20.53,10,35.395,4.73,0,0.0,22,2,241.22,461.193,,,
darbu_02uk-ks_ifg_amg.trs,2,84,745.52,23,203.636,27.31,6,68.737,9.22,0,0.0,17,2,161.562,506.303,,,
darbu_03gm-04gk_sb_lh.trs,3,349,1240.68,167,830.285,66.92,82,522.276,42.1,0,0.0,85,2,454.249,264.155,,,
darbu_03gm-sl_sb_lh.trs,2,88,571.72,19,118.648,20.75,2,7.87,1.38,0,0.0,17,2,461.879,101.971,,,
darbu_04gk-ks_sb_lh.trs,2,161,876.28,35,149.647,17.08,11,69.695,7.95,0,0.0,24,2,560.094,246.491,,,
drevsjoe_01um-02uk_lh_as.trs,2,311,1129.0,97,572.184,50.68,12,138.963,12.31,0,0.0,85,2,400.962,564.606,,,
drevsjoe_01um-ms_amg_as.trs,2,94,818.0,9,107.992,13.2,2,23.632,2.89,0,0.0,7,2,295.704,484.284,,,
drevsjoe_02uk-ms_lh_as.trs,2,49,466.6,7,30.926,6.63,0,0.0,0.0,0,0.0,7,2,137.754,290.666,,,
drevsjoe_03gm-04gk_mi_as.trs,2,169,1201.08,120,1050.097,87.43,55,699.665,58.25,0,0.0,65,2,199.406,302.009,,,
drevsjoe_03gm-ms_lh_sl_as.trs,2,46,859.0,4,40.548,4.72,1,2.957,0.34,0,0.0,3,2,76.808,761.009,,,
drevsjoe_04gk-ms_as_sl_as.trs,2,45,887.36,4,19.27,2.17,0,0.0,0.0,0,0.0,4,2,123.707,568.186,,,
eidfjord_01um-02uk_amg_sb_lh.trs,2,267,1451.6,126,1117.752,77.0,54,715.369,49.28,0,0.0,72,2,373.508,355.998,,,
eidfjord_01um-sl_amg_sb_lh.trs,2,44,577.64,9,144.621,25.04,2,11.586,2.01,0,0.0,7,2,40.271,520.107,,,
eidfjord_02uk-mi_amg_sb_lh.trs,2,122,893.12,32,288.008,32.25,8,85.568,9.58,0,0.0,24,2,112.53,681.477,,,
eidfjord_03gm-04gk_sb_lh.trs,3,193,1788.96,125,1629.473,91.08,55,1174.793,65.67,0,0.0,70,2,381.37,232.153,,0.644,
eidfjord_03gm-sl_sb_amg.trs,2,69,706.76,15,178.019,25.19,4,37.322,5.28,0,0.0,11,2,576.877,92.561,,,
eidfjord_04gk-mi_sb_lh.trs,2,46,806.6,11,83.781,10.39,6,66.419,8.23,0,0.0,5,2,666.665,71.775,,,
enebakk_01um-02uk_kk_eo.trs,2,233,1452.0,148,1231.86,84.84,65,800.538,55.13,0,0.0,83,2,,,305.294,333.464,
enebakk_01um-ifg_kk_eo.trs,2,87,722.12,28,178.204,24.68,9,38.379,5.31,0,0.0,19,2,161.248,512.173,,,
enebakk_02uk-ifg_kk_eo.trs,2,106,748.4,33,182.338,24.36,8,43.534,5.82,0,0.0,25,2,188.623,502.057,,,
enebakk_03gm-04gk_ifg_sb.trs,2,323,2054.32,243,1645.771,80.11,136,1199.432,58.39,0,0.0,107,2,225.096,436.869,,,
enebakk_03gm-sr_ifg_sb.trs,2,142,1112.16,45,276.221,24.84,13,72.892,6.55,0,0.0,32,2,121.821,813.604,,,
enebakk_04gk-sr_ifg_sb.trs,2,48,908.16,13,94.847,10.44,4,17.337,1.91,0,0.0,9,2,47.607,720.922,,,
evje_01um-02uk_eo_lh_lh.trs,3,302,1229.48,94,695.264,56.55,27,219.871,17.88,0,0.0,67,2,668.443,318.737,0.41,,
evje_01um-sl_eo_lh.trs,2,138,793.32,26,121.945,15.37,6,30.072,3.79,0,0.0,20,2,310.066,426.83,,,
evje_02uk-eo_eo_lh.trs,2,75,572.96,13,79.981,13.96,3,33.012,5.76,0,0.0,10,2,198.847,327.007,,,
evje_03gm-04gk_ifg_lh.trs,2,255,1254.4,163,1012.479,80.71,93,712.26,56.78,0,0.0,70,2,249.793,220.103,,,
evje_03gm-sl_ifg_lh.trs,2,94,678.56,23,145.234,21.4,7,34.184,5.04,0,0.0,16,2,150.288,470.694,,,
evje_04gk-eo_ifg_lh.trs,3,74,764.88,22,75.614,9.89,8,34.815,4.55,0,0.0,14,2,57.109,641.071,16.766,,
flaa_01um-02uk_ifg_eo.trs,2,117,1107.92,67,861.677,77.77,18,406.101,36.65,0,0.0,49,2,381.323,302.557,,,
flaa_01um-sl_ifg_eo.trs,2,96,794.88,18,91.655,11.53,3,12.783,1.61,0,0.0,15,2,148.72,612.94,,,
flaa_02uk-amg_ifg_eo.trs,2,98,754.8,27,149.262,19.78,2,9.265,1.23,0,0.0,25,2,238.208,461.137,,,
flaa_03gm-04gk_eo_ifg_amg.trs,2,159,1426.36,112,1302.484,91.32,73,1132.142,79.37,0,0.0,39,2,95.048,,191.658,,
flaa_03gm-sl_eo_ifg_lh.trs,2,50,614.4,14,64.884,10.56,7,41.815,6.81,0,0.0,7,2,511.906,53.119,,,
flaa_04gk-amg_eo_ifg_lh.trs,2,134,686.96,38,149.416,21.75,10,31.465,4.58,0,0.0,28,2,431.18,158.809,,,
fredrikstad_01um-02uk_eo_ahl_lh.trs,2,455,1594.08,227,1192.279,74.79,89,622.536,39.05,0,0.0,138,2,482.517,437.469,,,
fredrikstad_01um-eo_eo_ahl_lh.trs,2,72,767.04,21,178.468,23.27,9,82.766,10.79,0,0.0,12,2,94.784,575.039,,,
fredrikstad_02uk-eo_eo_ahl_lh.trs,2,170,980.64,37,225.105,22.95,8,68.762,7.01,0,0.0,29,2,305.126,583.643,,,
fredrikstad_03gm-04gk_ahl_amg.trs,3,221,1383.36,99,853.812,61.72,31,283.633,20.5,0,0.0,68,2,492.809,594.996,11.922,,
fredrikstad_03gm-eo_ahl_lh.trs,2,57,818.88,12,140.653,17.18,4,66.899,8.17,0,0.0,8,2,122.635,620.284,,,
fredrikstad_04gk-eo_ahl_eo.trs,2,133,891.0,29,129.503,14.53,13,63.842,7.17,0,0.0,16,2,660.979,162.173,,,
fusa_01um-02uk_ifg_lh.trs,2,185,1114.078,85,753.805,67.66,16,261.658,23.49,0,0.0,69,2,520.488,322.226,,,
fusa_01um-mi_ifg_amg.trs,3,58,810.208,14,109.608,13.53,7,77.313,9.54,0,0.0,7,2,90.006,616.49,,,
fusa_02uk-sl_ifg_amg.trs,2,145,839.07,45,235.754,28.1,7,24.227,2.89,0,0.0,38,2,265.443,533.589,,,
fusa_03gm-04gk_amg_lh.trs,2,141,1092.223,121,1057.552,96.83,78,911.271,83.43,0,0.0,43,2,42.754,127.657,,,
fusa_03gm-mi_amg_lh.trs,2,44,1098.863,14,228.053,20.75,6,101.961,9.28,0,0.0,8,2,942.333,42.527,,,
fusa_04gk-sl_amg_lh.trs,2,121,765.282,26,156.514,20.45,5,30.718,4.01,0,0.0,21,2,582.874,128.654,,,
gauldal_01um-02uk_sb_lh.trs,3,168,1272.0,94,1125.941,88.52,36,679.856,53.45,0,0.0,58,2,314.531,262.311,7.178,,
gauldal_01um-lks_sb_lh.trs,2,32,740.08,4,17.391,2.35,1,4.46,0.6,0,0.0,3,2,662.098,49.336,,,
gauldal_02uk-lks_sb_lh.trs,2,66,708.0,12,70.464,9.95,1,6.505,0.92,0,0.0,11,2,544.732,85.679,,,
gauldal_03gm-04gk_ifg_hl_eo.trs,2,260,1835.44,149,1342.717,73.16,69,840.166,45.77,0,0.0,80,2,661.242,312.927,,,
gauldal_03gm-ma_ifg_hl_eo.trs,2,82,706.52,5,21.795,3.08,0,0.0,0.0,0,0.0,5,2,197.955,482.118,,,
gauldal_04gk-ma_ifg_hl_eo.trs,2,90,682.52,21,88.461,12.96,4,20.092,2.94,0,0.0,17,2,149.429,469.979,,,
gausdal_01um-05um_hcfh_sl_as.trs,2,259,1259.422,107,843.571,66.98,29,366.576,29.11,0,0.0,78,2,393.619,452.042,,,
gausdal_01um-mi_hcfh_as.trs,2,72,967.88,5,18.553,1.92,1,3.243,0.34,0,0.0,4,2,106.517,837.397,,,
gausdal_04gk-08gk_hcfh_as.trs,2,238,1199.64,191,1128.689,94.09,105,803.656,66.99,0,0.0,86,2,195.39,198.853,,,
gausdal_04gk-sl_hcfh_as_as.trs,2,124,820.04,39,185.006,22.56,8,29.643,3.61,0,0.0,31,2,136.561,645.537,,,
gausdal_05um-sl_hcfh_as.trs,2,80,707.16,18,71.875,10.16,6,18.693,2.64,0,0.0,12,2,142.977,545.49,,,
gausdal_08gk-mi_hcfh_as.trs,2,80,1449.16,23,221.967,15.32,9,55.672,3.84,0,0.0,14,2,82.239,1299.921,,,
gjesdal_01um-02uk_ahl_lh.trs,3,230,1383.48,107,938.451,67.83,34,371.889,26.88,0,0.0,73,2,368.884,2.051,637.437,,
gjesdal_01um-jbj_ahl_lh.trs,2,227,1355.0,53,256.546,18.93,17,108.623,8.02,0,0.0,36,2,342.418,897.878,,,
gjesdal_02uk-sr_sr_amg.trs,2,130,563.88,23,109.331,19.39,14,72.498,12.86,0,0.0,9,2,104.798,384.553,,,
gjesdal_03gm-04gk_sr_eo.trs,2,209,1831.44,121,1558.864,85.12,71,1291.249,70.5,0,0.0,50,2,267.362,270.779,,,
gjesdal_03gm-sr_sr_amg.trs,3,95,713.72,11,42.526,5.96,7,26.797,3.75,0,0.0,4,2,159.979,505.213,7.041,,
gjesdal_04gk-jbj_ahl_lh.trs,2,92,925.52,35,247.729,26.77,13,68.982,7.45,0,0.0,22,2,143.697,712.841,,,
hammerfest_02uk-06uk_ahl_sb.trs,3,123,781.44,8,105.934,13.56,1,1.742,0.22,0,0.0,7,2,617.16,100.103,18.948,,
hammerfest_02uk-jbj_ahl_sb.trs,2,186,1058.88,46,221.98,20.96,14,79.967,7.55,0,0.0,32,2,301.726,670.867,,,
hammerfest_03gm-04gk_sb_amg_lh.trs,4,346,1926.72,201,1478.94,76.76,121,1107.922,57.5,0,0.0,80,2,413.419,218.202,0.525,2.432,
hammerfest_03gm-jbj_sb_amg.trs,2,294,1367.04,71,402.65,29.45,40,214.08,15.66,0,0.0,31,2,863.262,249.147,,,
hammerfest_04gk-jbj_sb_amg.trs,2,178,1294.08,50,282.287,21.81,19,138.338,10.69,0,0.0,31,2,864.72,271.277,,,
hattfjelldal_01um-02uk_ifg_sb.trs,2,396,2658.36,177,1718.393,64.64,62,927.627,34.89,0,0.0,115,2,771.779,835.864,,,
hattfjelldal_01um-ov_ifg_sb.trs,2,132,771.44,40,155.194,20.12,12,40.766,5.28,0,0.0,28,2,202.989,505.292,,,
hattfjelldal_02uk-ov_ifg_sb.trs,2,129,814.32,27,157.141,19.3,5,29.247,3.59,0,0.0,22,2,205.059,552.304,,,
hattfjelldal_03gm-04gk_kk_lh.trs,3,362,2516.72,277,2293.038,91.11,188,1864.806,74.1,0,0.0,89,2,42.394,329.662,278.952,,
hattfjelldal_03gm-ov_kk_lh.trs,2,110,835.44,37,213.606,25.57,12,60.213,7.21,0,0.0,25,2,557.765,208.896,,,
hattfjelldal_04gk-ov_kk_lh.trs,2,77,937.28,18,193.022,20.59,9,93.311,9.96,0,0.0,9,2,99.173,734.141,,,
heroeyMR_01um-02uk_hl_lh.trs,2,388,1873.68,152,1099.646,58.69,51,532.552,28.42,0,0.0,101,2,715.421,536.61,,,
heroeyMR_01um-ta_hl_lh.trs,2,67,624.52,18,157.543,25.23,4,40.071,6.42,0,0.0,14,2,386.69,155.836,,,
heroeyMR_02uk-ta_hl_lh.trs,2,81,455.52,13,108.866,23.9,1,5.962,1.31,0,0.0,12,2,141.583,267.649,,,
heroeyMR_03gm-04gk_kk_ifg.trs,2,288,1683.0,127,915.391,54.39,49,486.887,28.93,0,0.0,78,2,800.827,350.921,,,
heroeyMR_03gm-ta_kk_hl.trs,2,78,734.88,35,275.318,37.46,12,46.693,6.35,0,0.0,23,2,214.35,447.329,,,
heroeyMR_04gk-ta_kk_hl.trs,2,89,565.76,45,312.67,55.27,20,169.979,30.04,0,0.0,25,2,95.874,281.219,,,
heroeyN_01um-02uk_kk_ifg.trs,3,301,1635.88,175,1265.581,77.36,74,663.399,40.55,0,0.0,101,2,405.896,546.259,,,
heroeyN_01um-kh_kk_ifg.trs,2,93,524.92,13,64.473,12.28,1,2.601,0.5,0,0.0,12,2,370.354,148.611,,,
heroeyN_02uk-kh_kk_ifg.trs,2,98,578.48,25,94.41,16.32,3,25.655,4.43,0,0.0,22,2,406.23,139.695,,,
heroeyN_03gm-04gk_kk_sb.trs,2,178,1960.32,141,1839.164,93.82,102,1568.377,80.01,0,0.0,39,2,201.911,187.622,,,
heroeyN_03gm-kh_kk_sb.trs,2,72,855.4,18,212.35,24.82,9,143.716,16.8,0,0.0,9,2,668.594,40.745,,,
heroeyN_04gk-kh_kk_sb.trs,2,97,714.6,27,146.174,20.46,7,21.337,2.99,0,0.0,20,2,626.984,64.335,,,
hjartdal_01um-02uk_mi_lh.trs,2,392,1359.44,132,710.402,52.26,64,381.989,28.1,0,0.0,68,2,434.376,518.082,,,
hjartdal_01um-as_mi_lh.trs,2,57,482.12,2,10.732,2.23,0,0.0,0.0,0,0.0,2,2,155.419,326.701,,,
hjartdal_02uk-as_mi_lh.trs,2,75,538.28,15,63.52,11.8,3,14.713,2.73,0,0.0,12,2,123.792,393.122,,,
hjartdal_03gm-04gk_lh_amg.trs,2,325,1821.28,151,809.714,44.46,54,420.521,23.09,0,0.0,97,2,428.184,365.435,,,
hjartdal_03gm-sl_lh_amg_mi.trs,2,102,807.68,18,112.991,13.99,4,47.792,5.92,0,0.0,14,2,135.774,607.013,,,
hjartdal_04gk-sl_lh_amg_mi.trs,2,141,750.0,27,148.897,19.85,4,22.273,2.97,0,0.0,23,2,194.596,526.382,,,
hjelmeland_01um-02uk_ahl_amg.trs,2,258,1237.84,106,862.628,69.69,45,501.525,40.52,0,0.0,61,2,334.64,397.265,,,
hjelmeland_01um-sr_amg_ahl_lh.trs,2,80,675.24,11,100.245,14.85,3,27.227,4.03,0,0.0,8,2,530.475,114.223,,,
hjelmeland_02uk-ks_ahl_amg.trs,2,51,710.08,10,71.89,10.12,2,9.825,1.38,0,0.0,8,2,128.995,568.685,,,
hjelmeland_03gm-04gk_amg_ahl_lh.trs,2,299,1599.36,197,1314.615,82.2,101,897.677,56.13,0,0.0,96,2,249.785,448.488,,,
hjelmeland_03gm-sr_ahl_amg.trs,2,90,739.88,9,101.898,13.77,2,7.84,1.06,0,0.0,7,2,134.596,597.444,,,
hjelmeland_04gk-ks_amg_ahl_lh.trs,2,68,797.16,7,78.889,9.9,2,35.833,4.5,0,0.0,5,2,118.029,616.636,,,
hof_01um-02uk_ifg_eo.trs,2,514,1507.0,183,756.521,50.2,54,279.124,18.52,0,0.0,129,2,587.632,574.025,,,
hof_01um-sb_ifg_eo.trs,2,163,822.72,37,169.343,20.58,10,27.006,3.28,0,0.0,27,2,128.342,660.91,,,
hof_02uk-sb_ifg_eo.trs,2,64,722.68,9,58.643,8.11,4,16.747,2.32,0,0.0,5,2,101.218,595.262,,,
hof_03gm-04gk_eo_sb.trs,2,627,1718.76,310,1212.288,70.53,110,552.276,32.13,0,0.0,200,2,338.819,814.906,,,
hof_04gk-sb_eo_sb.trs,2,248,877.32,80,260.392,29.68,27,63.015,7.18,0,0.0,53,2,676.701,126.515,,,
hyllestad_01um-ov_ifg_lh_eo.trs,2,100,614.88,17,69.047,11.23,5,21.194,3.45,0,0.0,12,2,410.863,147.297,,,
hyllestad_02uk-ov_ifg_lh_eo.trs,2,96,509.36,27,133.654,26.24,7,43.876,8.61,0,0.0,20,2,138.768,300.031,,,
hyllestad_03gm-04gk_ifg_lh_eo.trs,3,394,1903.28,242,1544.656,81.16,116,1013.92,53.27,0,0.0,126,2,418.412,399.968,0.406,,
hyllestad_03gm-ov_ifg_lh_eo.trs,2,157,942.0,30,132.495,14.07,6,24.546,2.61,0,0.0,24,2,126.266,749.394,,,
hyllestad_04gk-ov_ifg_lh_eo.trs,2,99,798.0,25,107.226,13.44,5,32.127,4.03,0,0.0,20,2,140.071,614.928,,,
inderoey_01um-02uk_kk_sb.trs,2,260,1217.76,173,1036.897,85.15,89,701.103,57.57,0,0.0,84,2,213.873,287.424,,,
inderoey_01um-ta_kk_sb.trs,2,77,689.4,26,196.012,28.43,8,76.221,11.06,0,0.0,18,2,156.832,451.077,,,
inderoey_02uk-ta_kk_sb.trs,2,111,651.28,41,222.849,34.22,10,83.651,12.84,0,0.0,31,2,383.252,171.877,,,
inderoey_03gm-04gk_ifg_sb.trs,2,354,1372.32,189,1057.31,77.05,83,641.069,46.71,0,0.0,106,2,337.776,383.602,,,
inderoey_03gm-cbo_ifg_sb.trs,2,88,648.52,11,45.651,7.04,3,11.687,1.8,0,0.0,8,2,123.136,492.115,,,
inderoey_04gk-cbo_ifg_sb.trs,2,112,645.04,19,84.319,13.07,5,23.604,3.66,0,0.0,14,2,119.863,491.016,,,
jevnaker_01um-02uk_hcfh_mi_lh.trs,2,179,1266.0,98,906.754,71.62,52,587.674,46.42,0,0.0,46,2,337.728,197.738,,,
jevnaker_01um-lh_hcfh_mi.trs,2,108,683.36,28,156.571,22.91,15,62.195,9.1,0,0.0,13,2,501.711,109.605,,,
jevnaker_02uk-lh_hcfh_mi.trs,2,133,768.0,34,181.167,23.59,12,80.158,10.44,0,0.0,22,2,216.482,458.292,,,
jevnaker_03gm-04gk_sb_mi.trs,2,299,1111.76,144,827.303,74.41,54,493.788,44.41,0,0.0,90,2,393.204,206.352,,,
jevnaker_03gm-sr_sb_lh.trs,2,168,1066.92,15,100.438,9.41,4,62.123,5.82,0,0.0,11,2,792.26,138.663,,,
jevnaker_04gk-sl_sb_lh.trs,2,125,612.68,30,120.911,19.73,12,53.818,8.78,0,0.0,18,2,391.951,141.394,,,
joelster_01um-04gk_sb_lh.trs,3,144,1679.96,87,911.223,54.24,49,675.788,40.23,0,0.0,38,2,176.929,235.363,591.355,,
joelster_01um-ov_lh_mi_lh.trs,3,85,674.56,10,60.46,8.96,3,13.106,1.94,0,0.0,7,2,177.749,483.705,,,
joelster_02uk-03gm_sb_lh.trs,5,296,1814.36,177,1368.923,75.45,66,709.935,39.13,0,0.0,111,2,320.748,568.557,121.408,,2.578
joelster_02uk-ov_lh_mi_lh.trs,2,97,629.12,16,86.915,13.82,1,7.917,1.26,0,0.0,15,2,187.335,415.482,,,
joelster_03gm-ov_sb_lh.trs,2,58,968.48,10,126.084,13.02,2,81.038,8.37,0,0.0,8,2,142.878,740.605,,,
joelster_04gk-ov_sb_lh.trs,2,75,589.4,18,98.069,16.64,4,21.273,3.61,0,0.0,14,2,127.484,410.992,,,
kaafjord_01um-02uk_mi_eo.trs,2,446,2006.04,158,1185.722,59.11,41,385.451,19.21,0,0.0,117,2,621.047,956.832,,,
kaafjord_01um-amj_mi_eo.trs,2,141,894.0,13,66.865,7.48,1,2.385,0.27,0,0.0,12,2,,212.833,647.256,,
kaafjord_02uk-amj_mi_eo.trs,2,248,1236.0,48,152.653,12.35,12,43.213,3.5,0,0.0,36,2,260.79,898.802,,,
kaafjord_03gm-04gk_eo_ifg.trs,2,247,2091.4,183,1624.394,77.67,96,1042.688,49.86,0,0.0,87,2,555.986,179.138,,,
kaafjord_03gm-amj_eo_ifg.trs,2,152,858.0,47,193.499,22.55,19,81.654,9.52,0,0.0,28,2,647.943,120.533,,,
kaafjord_04gk-amj_eo_ifg.trs,2,80,1062.0,23,158.541,14.93,11,68.41,6.44,0,0.0,12,2,120.382,863.231,,,
kaafjord_07gm-amj_eo_ifg.trs,3,257,1544.2,84,354.004,22.92,35,143.219,9.27,0,0.0,49,2,236.194,1072.901,85.805,,
kalvaag_01um-02uk_ifg_lh.trs,3,240,1176.0,101,730.741,62.14,26,271.433,23.08,0,0.0,75,2,265.502,558.827,35.845,,
kalvaag_01um-ov_ifg_lh.trs,2,86,444.52,8,30.54,6.87,3,9.389,2.11,0,0.0,5,2,260.582,162.307,,,
kalvaag_02uk-ov_ifg_lh.trs,2,89,485.4,18,87.0,17.92,0,0.0,0.0,0,0.0,18,2,134.61,335.313,,,
kalvaag_03gm-04gk_sr_lh.trs,3,212,1604.76,127,1416.979,88.3,68,1017.283,63.39,0,0.0,59,2,296.374,256.261,34.842,,
kalvaag_03gm-ov_sr_lh.trs,2,89,1512.0,14,91.071,6.02,1,6.463,0.43,0,0.0,13,2,1345.023,130.77,,,
kalvaag_04gk-ov_sr_lh.trs,2,99,1235.48,20,145.719,11.79,5,28.153,2.28,0,0.0,15,2,1023.953,166.802,,,
karlsoey_01um-02uk_ahl_amg.trs,3,234,1819.2,110,1344.508,73.91,49,760.572,41.81,0,0.0,61,2,514.987,531.589,1.969,,
karlsoey_01um-kb_ahl_amg.trs,2,105,521.0,24,135.193,25.95,5,44.475,8.54,0,0.0,19,2,249.267,221.296,,,
karlsoey_02uk-kb_ahl_amg.trs,2,94,677.24,26,158.902,23.46,8,46.986,6.94,0,0.0,18,2,169.656,444.739,,,
karlsoey_03gm-kb_ahl_sb.trs,2,122,829.56,48,279.369,33.68,26,175.445,21.15,0,0.0,22,2,81.328,570.474,,,
karmoey_01um-02uk_sr_sb_sr.trs,2,522,1504.368,177,803.927,53.44,69,381.61,25.37,0,0.0,108,2,640.606,480.948,,,
karmoey_01um-sr_ahl_amg_sr.trs,2,182,883.182,24,84.966,9.62,7,33.786,3.83,0,0.0,17,2,173.095,669.218,,,
karmoey_02uk-ks_sr_lh.trs,2,114,636.302,20,113.198,17.79,6,39.591,6.22,0,0.0,14,2,439.756,156.955,,,
karmoey_03gm-04gk_ahl_amg.trs,2,268,1658.24,150,1358.209,81.91,80,1031.475,62.2,0,0.0,70,2,301.893,324.133,,,
karmoey_03gm-sr_sr_sb_amg.trs,2,112,979.378,21,59.719,6.1,8,27.065,2.76,0,0.0,13,2,71.386,877.136,,,
karmoey_04gk-ks_ahl_amg.trs,2,67,745.778,21,103.375,13.86,5,24.609,3.3,0,0.0,16,2,112.42,608.749,,,
kautokeino_01um-03gm_kk_ifg.trs,3,251,1715.92,72,691.187,40.28,22,225.301,13.13,0,0.0,50,2,1054.343,271.878,99.531,,
kautokeino_01um-ov_kk_eo.trs,2,102,765.32,17,166.122,21.71,3,9.175,1.2,0,0.0,14,2,335.316,402.772,,,
kautokeino_02uk-04gk_kk_ifg.trs,2,478,2219.24,264,1723.047,77.64,96,895.037,40.33,0,0.0,168,2,678.292,589.861,,,
kautokeino_02uk-ov_kk_eo.trs,2,141,948.52,47,266.304,28.08,10,62.706,6.61,0,0.0,37,2,263.562,538.068,,,
kautokeino_03gm-ov_hl_kk.trs,2,98,763.8,23,107.261,14.04,6,42.701,5.59,0,0.0,17,2,138.23,566.595,,,
kautokeino_04gk-ov_hl_kk.trs,2,170,986.2,52,313.566,31.8,16,79.611,8.07,0,0.0,36,2,568.737,288.336,,,
kirkenaer_01um-05um_hcfh_eo_sl_as.trs,4,304,1752.0,181,1446.743,82.58,83,912.873,52.1,0,0.0,98,2,3.076,477.64,353.885,1.259,
kirkenaer_01um-mj_hcfh_eo_as.trs,2,114,667.04,59,245.166,36.75,31,167.638,25.13,0,0.0,28,2,80.672,409.882,,,
kirkenaer_04gk-08gk_hcfh_lh_sl.trs,3,198,1422.0,130,1290.29,90.74,66,933.07,65.62,0,0.0,64,2,165.979,314.342,,5.628,
kirkenaer_04gk-mj_hcfh_eo_as.trs,2,97,627.32,51,318.635,50.79,33,199.335,31.78,0,0.0,18,2,86.821,332.293,,,
kirkenaer_05um-mj_hcfh_eo_as.trs,2,158,715.44,80,385.744,53.92,25,144.427,20.19,0,0.0,55,2,263.291,307.317,,,
kirkenaer_08gk-mj_hcfh_eo_sl.trs,3,111,1023.92,64,385.174,37.62,39,220.455,21.53,0,0.0,25,2,94.076,708.364,1.025,,
kirkenes_01um-02uk_hl_eo.trs,3,555,2705.76,300,2137.979,79.02,129,1239.985,45.83,0,0.0,171,2,640.642,815.02,1.002,,
kirkenes_01um-kb_hl_kk.trs,2,135,726.44,62,270.99,37.3,16,80.567,11.09,0,0.0,46,2,440.593,194.35,,,
kirkenes_02uk-kb_hl_kk.trs,2,114,870.56,47,271.933,31.24,16,101.759,11.69,0,0.0,31,2,581.805,167.131,,,
kirkenes_03gm-04gk_kk_lh_ifg.trs,2,339,2070.72,228,1785.377,86.22,141,1436.413,69.37,0,0.0,87,2,256.491,270.027,,,
kirkenes_03gm-kb_kk_lh.trs,2,93,776.4,46,376.323,48.47,12,69.62,8.97,0,0.0,34,2,586.299,105.102,,,
kirkenes_04gk-kb_kk_lh.trs,2,164,638.84,79,368.954,57.75,31,180.8,28.3,0,0.0,48,2,221.597,215.581,,,
kirkesdalen_01um-02uk_ahl_sb_lh.trs,3,409,1489.2,93,649.846,43.64,13,162.875,10.94,0,0.0,80,2,25.042,656.801,588.453,,
kirkesdalen_01um-hna_lh_sb.trs,2,139,1163.64,9,79.58,6.84,1,0.992,0.09,0,0.0,8,2,886.754,269.765,,,
kirkesdalen_02uk-hna_ahl_sb_lh.trs,2,123,1477.64,18,143.716,9.73,3,14.707,1.0,0,0.0,15,2,267.876,853.103,,,
kirkesdalen_03gm-04gk_sb_lh.trs,4,208,2036.96,66,745.612,36.6,18,179.652,8.82,0,0.0,48,2,870.145,800.232,34.895,60.591,
kirkesdalen_03gm-hna_sb_lh.trs,3,47,1059.28,4,35.712,3.37,0,0.0,0.0,0,0.0,4,2,926.426,128.685,3.513,,
kirkesdalen_04gk-hna_sb_lh.trs,3,52,1045.72,10,28.369,2.71,0,0.0,0.0,0,0.0,10,2,956.275,57.36,,,
kjoellefjord_01um-02uk_ahl_sb.trs,3,594,2314.96,131,789.198,34.09,33,234.407,10.13,0,0.0,98,2,661.183,1160.199,1.049,,
kjoellefjord_01um-jbj_ahl_sb.trs,2,194,846.72,15,92.238,10.89,5,32.05,3.79,0,0.0,10,2,330.585,484.085,,,
kjoellefjord_02uk-jbj_ahl_sb.trs,2,170,862.08,26,196.747,22.82,2,19.96,2.32,0,0.0,24,2,321.377,492.432,,,
kjoellefjord_03gm-04gk_sb_amg_lh.trs,3,422,2398.56,248,2021.855,84.29,163,1655.807,69.03,0,0.0,85,2,309.058,353.533,1.741,,
kjoellefjord_03gm-jbj_sb_amg.trs,2,211,1117.44,56,317.895,28.45,31,167.816,15.02,0,0.0,25,2,764.02,160.97,,,
kjoellefjord_04gk-jbj_sb_amg.trs,2,187,1360.32,36,222.127,16.33,12,52.908,3.89,0,0.0,24,2,1051.83,212.417,,,
kristiansand_01um-02uk_eo_lh.trs,2,295,1223.52,197,1052.93,86.06,102,727.468,59.46,0,0.0,95,2,320.734,159.364,,,
kristiansand_01um-mi_eo_lh.trs,2,68,648.52,11,50.02,7.71,4,19.539,3.01,0,0.0,7,2,459.664,142.425,,,
kristiansand_02uk-sl_eo_ifg_lh.trs,2,54,2061.44,13,88.238,4.28,2,13.025,0.63,0,0.0,11,2,98.332,452.699,,,
kristiansand_03gm-04gk_ifg_lh_lh.trs,2,243,1168.76,154,774.805,66.29,89,563.566,48.22,0,0.0,65,2,221.854,135.615,,,
kristiansand_03gm-sl_ifg_eo.trs,2,61,1763.96,19,200.344,11.36,9,50.282,2.85,0,0.0,10,2,59.903,646.908,,,
kristiansand_04gk-mi_ifg_eo.trs,2,100,781.32,29,128.838,16.49,9,40.53,5.19,0,0.0,20,2,126.227,601.78,,,
kvaefjord_01um-02uk_ifg_sb_amg.trs,2,414,1980.84,182,1316.219,66.45,58,498.679,25.18,0,0.0,124,2,768.476,673.884,,,
kvaefjord_01um-ov_ifg_sb_amg.trs,2,82,681.84,11,56.536,8.29,3,19.245,2.82,0,0.0,8,2,157.094,485.595,,,
kvaefjord_02uk-ov_ifg_sb_amg.trs,2,92,447.56,14,66.801,14.93,4,30.8,6.88,0,0.0,10,2,131.058,270.01,,,
kvaefjord_03gm-04gk_sb_amg.trs,3,425,2190.68,263,1754.165,80.07,123,1102.799,50.34,0,0.0,140,2,543.753,497.526,19.464,,
kvaefjord_03gm-ov_sb_amg.trs,3,57,769.04,14,113.467,14.75,3,41.471,5.39,0,0.0,11,2,606.82,106.08,12.403,,
kvaefjord_04gk-ov_sb_amg.trs,2,93,747.36,22,131.033,17.53,10,73.547,9.84,0,0.0,12,2,583.86,87.354,,,
kvaenangen_01um-02uk_kk_ifg.trs,3,548,2718.2,277,1783.29,65.61,112,959.032,35.28,0,0.0,165,2,988.052,580.488,17.286,,
kvaenangen_01um-ov_kk_eo.trs,2,147,702.04,40,258.32,36.8,6,37.21,5.3,0,0.0,34,2,306.875,,332.773,,
kvaenangen_02uk-ov_kk_eo.trs,2,121,680.44,32,214.812,31.57,6,60.457,8.88,0,0.0,26,2,240.709,359.475,,,
kvaenangen_03gm-04gk_eo_kk.trs,3,496,2343.48,364,2045.18,87.27,194,1467.29,62.61,0,0.0,170,2,255.277,590.437,,7.606,
kvaenangen_03gm-ov_eo_ifg.trs,2,151,877.32,57,259.918,29.63,20,119.516,13.62,0,0.0,37,2,127.388,604.482,,,
kvaenangen_04gk-ov_eo_kk.trs,2,129,921.76,32,164.762,17.87,11,62.19,6.75,0,0.0,21,2,198.706,635.968,,,
kvam_03gm-sl_sb_lh.trs,2,161,793.0,45,217.254,27.4,8,31.164,3.93,0,0.0,37,2,586.011,175.825,,,
kvam_04gk-mi_sb_lh.trs,2,157,1361.48,37,336.832,24.74,9,105.458,7.75,0,0.0,28,2,1179.493,76.529,,,
kvinnherad_01um-02uk_amg_ahl_lh.trs,2,248,1515.813,144,1223.484,80.71,72,796.743,52.56,0,0.0,72,2,386.341,327.054,,,
kvinnherad_01um-sl_amg_ahl_lh.trs,2,67,764.13,18,175.223,22.93,1,2.841,0.37,0,0.0,17,2,630.82,112.736,,,
kvinnherad_02uk-eo_amg_ahl_lh.trs,2,50,567.7,12,92.49,16.29,5,64.532,11.37,0,0.0,7,2,399.471,85.966,,,
kvinnherad_03gm-04gk_eo_sb.trs,2,264,1035.833,205,948.39,91.56,112,719.489,69.46,0,0.0,93,2,142.335,166.045,,,
kvinnherad_03gm-sl_amg_lh.trs,2,143,853.952,43,345.323,40.44,9,37.081,4.34,0,0.0,34,2,122.624,688.074,,,
kvinnherad_04gk-eo_amg_lh.trs,2,133,581.713,22,109.978,18.91,7,24.141,4.15,0,0.0,15,2,124.095,427.345,,,
lakselv_01um-02uk_hl_eo.trs,3,402,2307.64,227,1766.162,76.54,96,1054.929,45.71,0,0.0,131,2,775.274,423.5,1.097,,
lakselv_01um-ov_hl_eo.trs,2,82,831.28,24,154.108,18.54,6,24.801,2.98,0,0.0,18,2,163.674,608.751,,,
lakselv_02uk-ov_hl_eo.trs,2,88,651.04,21,138.095,21.21,7,56.63,8.7,0,0.0,14,2,163.758,406.017,,,
lakselv_03gm-04gk_ifg_kk.trs,2,418,2601.16,290,2218.289,85.28,166,1740.753,66.92,0,0.0,124,2,307.257,456.871,,,
lakselv_03gm-ov_ifg_eo.trs,2,124,1113.08,54,274.621,24.67,21,118.797,10.67,0,0.0,33,2,190.117,777.94,,,
lakselv_04gk-ov_ifg_eo.trs,2,135,984.36,40,219.855,22.33,14,98.062,9.96,0,0.0,26,2,220.85,660.678,,,
landvik_01um-02uk_sb_amg.trs,2,191,1080.0,124,934.387,86.52,82,764.668,70.8,0,0.0,42,2,158.07,140.204,,,
landvik_01um-lh_sb_amg.trs,2,149,727.68,35,172.156,23.66,18,111.959,15.39,0,0.0,17,2,475.994,128.147,,,
landvik_02uk-sl_sb_lh.trs,2,84,720.04,28,123.546,17.16,6,27.388,3.8,0,0.0,22,2,567.143,120.62,,,
landvik_03gm-04gk_amg_lh.trs,2,196,1528.88,115,1243.792,81.35,62,960.382,62.82,0,0.0,53,2,281.846,240.758,,,
landvik_03gm-sl_amg_lh.trs,2,106,1143.36,20,204.188,17.86,3,17.265,1.51,0,0.0,17,2,974.697,,131.952,,
landvik_04gk-lh_amg_ahl.trs,2,70,606.32,24,120.602,19.89,6,29.051,4.79,0,0.0,18,2,429.321,143.608,,,
langesund_01um-02uk_lh_mi.trs,2,263,1128.48,71,383.62,33.99,8,38.378,3.4,0,0.0,63,2,758.027,317.147,,,
langesund_01um-sl_lh_eo.trs,2,100,438.84,19,91.465,20.84,3,7.183,1.64,0,0.0,16,2,195.193,225.447,,,
langesund_02uk-sl_lh_mi.trs,2,126,398.52,29,100.604,25.24,4,14.382,3.61,0,0.0,25,2,193.671,173.035,,,
langesund_03gm-04gk_eo_lh.trs,2,224,1220.96,139,955.379,78.25,52,472.336,38.69,0,0.0,87,2,273.284,464.632,,,
langesund_03gm-amg_eo_lh.trs,2,50,617.08,14,134.882,21.86,2,28.536,4.62,0,0.0,12,2,164.632,407.72,,,
langesund_04gk-amg_eo_lh.trs,2,60,773.12,15,154.559,19.99,2,10.326,1.34,0,0.0,13,2,163.105,504.972,,,
lardal_01um-02uk_ifg_sb.trs,2,214,1433.76,127,1158.036,80.77,64,890.671,62.12,0,0.0,63,2,203.985,302.092,,,
lardal_01um-sl_ifg_sb.trs,2,143,868.32,44,227.352,26.18,8,24.732,2.85,0,0.0,36,2,217.8,580.76,,,
lardal_02uk-sr_ifg_sb.trs,2,146,822.24,44,257.395,31.3,7,35.893,4.37,0,0.0,37,2,247.418,508.119,,,
lardal_03gm-04gk_amg_ifg_sb.trs,2,295,1522.08,226,1321.074,86.79,95,781.144,51.32,0,0.0,131,2,203.408,491.12,,,
lardal_03gm-sl_amg_ifg_sb.trs,2,125,984.96,21,146.917,14.92,2,6.177,0.63,0,0.0,19,2,209.95,645.811,,,
lardal_04gk-sr_amg_ifg_sb.trs,2,198,954.24,38,182.743,19.15,13,60.042,6.29,0,0.0,25,2,113.848,731.858,,,
lavangen_01um-02uk_ahl_ifg.trs,2,389,2254.6,129,1148.704,50.95,30,419.929,18.63,0,0.0,99,2,1084.128,660.412,,,
lavangen_01um-kb_ahl_ifg_sb.trs,2,99,1096.96,42,306.005,27.9,19,172.947,15.77,0,0.0,23,2,191.288,690.408,,,
lavangen_02uk-kb_ahl_ifg.trs,2,88,927.56,26,135.17,14.57,6,45.096,4.86,0,0.0,20,2,155.811,701.47,,,
lavangen_03gm-04gk_sb_eo.trs,3,233,2328.04,169,2089.94,89.77,114,1742.441,74.85,0,0.0,55,2,401.614,134.317,13.665,,
lavangen_03gm-ov_sb_eo.trs,2,49,791.08,9,41.866,5.29,3,21.94,2.77,0,0.0,6,2,660.416,89.646,,,
lavangen_04gk-ov_sb_eo.trs,2,87,1038.08,18,101.423,9.77,3,11.948,1.15,0,0.0,15,2,896.473,89.716,,,
lierne_01um-02uk_hl_kk.trs,2,503,1798.52,119,800.789,44.52,29,231.95,12.9,0,0.0,90,2,607.848,939.215,,,
lierne_01um-ta_hl_kk.trs,2,77,328.48,20,112.179,34.15,3,11.55,3.52,0,0.0,17,2,92.432,174.569,,,
lierne_02uk-ta_hl_kk.trs,2,128,617.0,33,179.527,29.1,6,41.724,6.76,0,0.0,27,2,321.553,229.024,,,
lierne_03gm-04gk_kk_hl_eo.trs,3,201,1931.6,124,1635.853,84.69,59,1262.099,65.34,0,0.0,65,2,18.501,377.304,264.695,,
lierne_03gm-ta_kk_hl_eo.trs,2,63,802.92,17,157.051,19.56,7,64.924,8.09,0,0.0,10,2,118.728,604.476,,,
lierne_04gk-ta_kk_hl_eo.trs,2,92,684.92,37,231.925,33.86,14,89.91,13.13,0,0.0,23,2,186.303,374.366,,,
lindaas_01um-sl_ahl_lh.trs,2,115,588.28,35,180.831,30.74,5,24.891,4.23,0,0.0,30,2,202.212,361.177,,,
lindaas_02uk-mi_ahl_amg.trs,2,56,388.28,12,69.282,17.84,4,24.367,6.28,0,0.0,8,2,112.739,248.527,,,
lindaas_03gm-04gk_sb_mi.trs,3,217,1480.0,142,1288.058,87.03,94,1034.013,69.87,0,0.0,48,2,192.678,251.115,,,
lindaas_03gm-sl_sb_lh.trs,2,135,752.52,37,171.31,22.76,15,93.818,12.47,0,0.0,22,2,510.818,147.884,,,
lindaas_04gk-mi_sb_lh.trs,2,57,614.48,20,176.511,28.73,6,39.483,6.43,0,0.0,14,2,470.233,104.764,,,
lom_01um-02uk_amg_lh.trs,2,131,1796.16,49,562.015,31.29,24,355.069,19.77,0,0.0,25,2,283.517,207.738,,,
lom_01um-jk_amg_lh.trs,2,45,786.0,0,0.0,0.0,0,0.0,0.0,0,0.0,0,2,169.838,595.812,,,
lom_02uk-jk_amg_lh.trs,2,65,851.32,6,38.857,4.56,0,0.0,0.0,0,0.0,6,2,240.673,584.653,,,
lom_03gm-04gk_amg_eo_lh.trs,2,179,1206.52,119,1080.881,89.59,62,790.249,65.5,0,0.0,57,2,227.634,185.751,,,
lom_03gm-mi_amg_eo_as.trs,2,50,982.92,6,34.285,3.49,1,6.153,0.63,0,0.0,5,2,107.002,852.047,,,
lom_04gk-sl_amg_eo_as.trs,2,109,940.64,37,131.709,14.0,9,29.412,3.13,0,0.0,28,2,142.706,766.686,,,
lommedalen_01um-02uk_kk_hl.trs,2,220,1492.32,127,1142.936,76.59,69,742.911,49.78,0,0.0,58,2,344.257,396.674,,,
lommedalen_01um-ifg_kk_hl.trs,2,69,883.68,17,95.272,10.78,3,15.047,1.7,0,0.0,14,2,135.468,713.657,,,
lommedalen_02uk-ifg_kk_hl.trs,2,153,797.28,43,260.1,32.62,10,76.981,9.66,0,0.0,33,2,292.853,410.323,,,
lommedalen_03gm-04gk_ifg_sb.trs,2,112,1143.08,91,1104.249,96.6,47,830.849,72.69,0,0.0,44,2,89.873,222.358,,,
lommedalen_03gm-amg_ifg_sb.trs,2,54,1131.44,22,104.151,9.21,4,12.266,1.08,0,0.0,18,2,70.48,1043.138,,,
lommedalen_04gk-amg_ifg_sb.trs,2,57,1027.8,22,104.539,10.17,8,56.237,5.47,0,0.0,14,2,64.259,884.839,,,
luster_01um-06uk_sb_lh.trs,3,206,1632.0,148,1439.52,88.21,63,878.781,53.85,0,0.0,85,2,427.585,310.464,4.439,,
luster_01um-ov_sb_lh.trs,3,73,584.28,12,131.836,22.56,3,28.233,4.83,0,0.0,9,2,389.289,162.609,1.335,,
luster_02uk-06uk_sb_lh.trs,3,222,1296.48,85,704.802,54.36,26,368.015,28.39,0,0.0,59,2,358.559,253.087,7.025,,
luster_02uk-ov_sb_lh.trs,2,58,554.28,14,103.574,18.69,0,0.0,0.0,0,0.0,14,2,115.998,430.746,,,
luster_03gm-04gk_sb_lh.trs,3,243,1247.04,107,811.156,65.05,52,570.662,45.76,0,0.0,55,2,385.844,243.786,21.112,,
luster_03gm-ov_sb_lh.trs,2,71,440.12,18,116.369,26.44,3,12.343,2.8,0,0.0,15,2,135.604,292.173,,,
luster_04gk-ov_sb_lh_amg.trs,2,43,486.2,9,102.713,21.13,2,48.331,9.94,0,0.0,7,2,89.315,332.453,,,
luster_06uk-ov_sb_lh.trs,2,37,815.8,0,0.0,0.0,0,0.0,0.0,0,0.0,0,2,709.448,87.465,,,
lyngdal_01um-02uk_lh_amg.trs,2,177,1097.92,84,845.656,77.02,22,232.71,21.2,0,0.0,62,2,163.902,689.861,,,
lyngdal_01um-mi_lh_ahl_lh.trs,2,86,660.64,8,47.83,7.24,0,0.0,0.0,0,0.0,8,2,179.811,478.11,,,
lyngdal_03gm-04gk_sr_lh.trs,2,171,1063.103,95,828.971,77.98,41,526.115,49.49,0,0.0,54,2,290.469,188.05,,,
lyngdal_03gm-mi_sr_lh.trs,2,78,908.2,12,51.012,5.62,3,9.675,1.07,0,0.0,9,2,761.336,122.347,,,
lyngdal_04gk-sl_sr_lh.trs,2,95,727.44,20,105.039,14.44,2,2.675,0.37,0,0.0,18,2,572.57,128.613,,,
medby_74-75_lh_as.trs,3,256,1102.36,43,306.506,27.8,10,56.12,5.09,0,0.0,33,2,362.476,622.942,60.178,,
medby_74-jbj_lh_as.trs,2,219,1318.76,30,222.904,16.9,3,22.85,1.73,0,0.0,27,2,422.813,873.097,,,
medby_75-jbj_lh_as.trs,2,187,724.28,28,158.537,21.89,3,28.614,3.95,0,0.0,25,2,299.807,384.532,,,
mefjordvaer_19-20_sl_as.trs,2,176,1509.0,121,1353.359,89.69,74,1031.362,68.35,0,0.0,47,2,130.631,347.007,,,
mefjordvaer_19-jbj_sl_as_sl_as.trs,2,100,956.76,37,402.707,42.09,13,152.319,15.92,0,0.0,24,2,137.97,656.529,,,
mefjordvaer_20-mn_sl_as.trs,2,97,873.68,37,373.394,42.74,14,152.939,17.51,0,0.0,23,2,86.878,633.003,,,
meraaker_01um-02uk_ifg_sb.trs,2,188,1236.0,135,1087.42,87.98,63,750.176,60.69,0,0.0,72,2,225.476,237.479,,,
meraaker_01um-jk_ifg_sb.trs,2,54,693.638,10,90.193,13.0,0,0.0,0.0,0,0.0,10,2,80.251,598.642,,,
meraaker_02uk-jk_ifg_sb.trs,2,29,670.158,5,49.221,7.34,1,2.819,0.42,0,0.0,4,2,48.579,610.914,,,
meraaker_03gm-04gk_sb_lh.trs,3,392,1650.0,229,1307.29,79.23,129,985.772,59.74,0,0.0,100,2,154.827,480.334,3.506,,
meraaker_03gm-jk_sb_lh.trs,2,69,764.28,6,18.898,2.47,3,13.054,1.71,0,0.0,3,2,636.377,78.005,,,
meraaker_04gk-jk_sb_lh.trs,2,41,522.0,7,24.635,4.72,3,9.015,1.73,0,0.0,4,2,446.014,45.961,,,
mo_i_rana_01um-02uk_hl_eo.trs,3,306,2042.76,123,1376.434,67.38,18,240.095,11.75,0,0.0,105,2,326.391,1419.546,21.326,,
mo_i_rana_01um-ov_hl_eo.trs,2,173,598.36,27,122.134,20.41,3,18.371,3.07,0,0.0,24,2,203.406,338.809,,,
mo_i_rana_02uk-ov_hl_ifg.trs,2,66,691.0,18,129.035,18.67,3,17.571,2.54,0,0.0,15,2,475.624,152.106,,,
mo_i_rana_03gm-04gk_sb_ifg.trs,3,349,1947.4,197,1657.51,85.11,90,1093.652,56.16,0,0.0,107,2,394.374,335.584,72.157,,
mo_i_rana_03gm-ov_sb_ifg.trs,2,132,583.92,29,122.003,20.89,5,29.068,4.98,0,0.0,24,2,403.373,115.446,,,
mo_i_rana_04gk-ov_sb_ifg.trs,2,127,812.56,34,214.309,26.37,15,163.902,20.17,0,0.0,19,2,456.208,153.915,,,
myre_01um-02uk_sb_ifg.trs,3,501,2753.88,292,2278.452,82.74,151,1615.39,58.66,0,0.0,141,2,428.994,654.482,6.089,,
myre_01um-ov_sb_ifg.trs,2,96,422.32,20,105.027,24.87,5,70.126,16.6,0,0.0,15,2,176.275,152.758,,,
myre_02uk-ov_sb_ifg.trs,2,80,456.16,22,97.637,21.4,5,25.184,5.52,0,0.0,17,2,295.851,112.487,,,
myre_03gm-04gk_ahl_amg.trs,2,362,2321.92,203,1805.973,77.78,95,1132.589,48.78,0,0.0,108,2,727.778,449.892,,,
myre_03gm-ov_ahl_amg.trs,2,79,483.04,9,65.266,13.51,3,17.759,3.68,0,0.0,6,2,207.347,190.687,,,
myre_04gk-ov_ahl_amg.trs,2,87,1002.44,26,158.128,15.77,7,38.028,3.79,0,0.0,19,2,822.682,133.932,,,
namdalen_01um-02uk_eo_sb.trs,2,287,1267.4,95,766.125,60.45,28,361.344,28.51,0,0.0,67,2,407.4,463.935,,,
namdalen_01um-ran_eo_sb.trs,2,105,587.52,38,248.174,42.24,18,157.818,26.86,0,0.0,20,2,162.75,254.98,,,
namdalen_02uk-lks_eo_sb.trs,2,86,547.48,5,14.744,2.69,1,2.289,0.42,0,0.0,4,2,104.497,402.324,,,
namdalen_03gm-04gk_amg_eo.trs,2,247,1092.0,63,387.885,35.52,18,106.075,9.71,0,0.0,45,2,480.435,495.045,,,
namdalen_03gm-ran_amg_eo.trs,2,323,1043.48,83,369.802,35.44,24,127.892,12.26,0,0.0,59,2,372.679,515.533,,,
namdalen_04gk-ran_amg_eo.trs,2,212,820.28,72,294.3,35.88,23,124.667,15.2,0,0.0,49,2,274.178,372.277,,,
narvik_01um-02uk_eo_kk_ifg.trs,2,635,1857.36,306,1309.335,70.49,133,709.262,38.19,0,0.0,173,2,584.807,544.948,,,
narvik_01um-kb_eo_kk_ifg.trs,2,179,568.92,64,233.792,41.09,17,79.967,14.06,0,0.0,47,2,231.615,249.946,,,
narvik_02uk-kb_eo_kk_ifg.trs,2,147,576.84,51,196.57,34.08,11,35.55,6.16,0,0.0,40,2,229.239,292.401,,,
narvik_03gm-04gk_sb_eo.trs,2,209,1624.36,184,1580.927,97.33,154,1524.964,93.88,0,0.0,30,2,44.316,34.793,,,
narvik_03gm-kb_sb_eo.trs,2,133,878.88,69,432.946,49.26,40,316.523,36.01,0,0.0,29,2,453.869,65.968,,,
narvik_04gk-kb_sb_eo.trs,2,137,716.04,85,402.147,56.16,49,297.87,41.6,0,0.0,36,2,250.389,56.476,,,
nes_01um-02uk_kk_eo.trs,2,240,1300.32,162,1143.904,87.97,82,752.819,57.89,0,0.0,80,2,335.569,202.643,,,
nes_01um-ifg_kk_eo.trs,2,95,630.44,28,102.052,16.19,8,20.607,3.27,0,0.0,20,2,125.612,467.532,,,
nes_02uk-ifg_kk_eo.trs,2,113,689.72,25,135.926,19.71,4,42.856,6.21,0,0.0,21,2,169.442,465.177,,,
nes_03gm-04gk_ifg_kk.trs,2,214,1782.56,169,1697.407,95.22,110,1388.104,77.87,0,0.0,59,2,215.78,168.183,,,
nes_03gm-ifg_ifg_eo.trs,2,67,939.8,21,135.171,14.38,7,16.887,1.8,0,0.0,14,2,95.849,820.864,,,
nes_04gk-ifg_ifg_kk.trs,2,110,809.64,34,128.415,15.86,10,13.725,1.7,0,0.0,24,2,210.47,577.695,,,
nissedal_01um-02uk_amg_lh.trs,2,232,1609.04,150,1383.619,85.99,55,843.549,52.43,0,0.0,95,2,422.466,258.899,,,
nissedal_01um-sl_amg_mi.trs,2,44,897.2,3,40.565,4.52,0,0.0,0.0,0,0.0,3,2,71.188,820.694,,,
nissedal_02uk-sl_amg_mi.trs,2,47,538.92,0,0.0,0.0,0,0.0,0.0,0,0.0,0,2,94.961,,431.558,,
nissedal_03gm-04gk_amg_lh.trs,3,203,1210.12,137,1074.573,88.8,62,751.688,62.12,0,0.0,75,2,185.95,265.758,,4.411,
nissedal_03gm-sl_amg_lh.trs,2,53,973.72,10,69.369,7.12,3,6.877,0.71,0,0.0,7,2,76.422,885.007,,,
nissedal_04gk-sl_amg_lh.trs,2,108,595.36,25,113.02,18.98,4,23.018,3.87,0,0.0,21,2,180.666,387.812,,,
oppdal_01um-02uk_sb_lh.trs,3,207,1218.0,134,1019.519,83.7,57,667.009,54.76,0,0.0,77,2,337.343,179.092,2.29,,
oppdal_01um-ran_sb_lh.trs,2,76,726.0,26,109.49,15.08,5,40.756,5.61,0,0.0,21,2,495.055,102.074,,,
oppdal_02-31_eo_hl_ifg.trs,3,336,1776.48,246,1494.259,84.11,131,1011.589,56.94,0,0.0,115,2,277.899,457.111,1.025,,
oppdal_02-jbj_eo_sb.trs,3,87,766.08,16,102.054,13.32,4,34.396,4.49,0,0.0,12,2,122.578,531.826,,,
oppdal_02uk-ran_sb_lh.trs,2,115,692.04,35,152.473,22.03,11,53.133,7.68,0,0.0,24,2,459.788,153.111,,,
oppdal_03gm-04gk_ifg_sb_amg.trs,2,189,1227.68,118,968.141,78.86,55,585.091,47.66,0,0.0,63,2,268.839,357.701,,,
oppdal_03gm-ran_ifg_lh.trs,2,104,661.32,19,100.509,15.2,2,8.991,1.36,0,0.0,17,2,210.381,434.078,,,
oppdal_04gk-ran_ifg_lh.trs,2,71,667.44,23,104.143,15.6,6,36.455,5.46,0,0.0,17,2,106.585,462.313,,,
oppdal_10-24_hl_kk.trs,3,230,1541.44,129,1247.513,80.93,65,823.804,53.44,0,0.0,64,2,331.129,370.144,2.392,,
oppdal_10-jbj_sb_eo.trs,2,83,770.76,11,85.013,11.03,2,27.811,3.61,0,0.0,9,2,556.44,168.409,,,
oppdal_24-jbj_hl_kk.trs,2,91,1097.28,21,308.319,28.1,8,137.725,12.55,0,0.0,13,2,207.818,708.759,,,
oppdal_31-jbj_eo_sb.trs,2,114,754.44,28,205.52,27.24,16,113.062,14.99,0,0.0,12,2,167.816,445.85,,,
rauma_01um-02uk_sb_ifg.trs,2,214,1276.2,138,1120.661,87.81,90,892.391,69.93,0,0.0,48,2,139.532,230.899,,,
rauma_01um-ma_sb_ifg.trs,2,76,586.92,24,128.997,21.98,12,65.866,11.22,0,0.0,12,2,423.849,91.243,,,
rauma_02uk-ma_sb_ifg.trs,2,77,624.2,29,201.521,32.28,8,53.344,8.55,0,0.0,21,2,451.182,113.019,,,
rauma_03gm-04gk_ifg_sb.trs,2,173,1361.24,98,1133.672,83.28,40,526.26,38.66,0,0.0,58,2,181.387,644.15,,,
rauma_03gm-ma_ifg_sb.trs,2,92,665.28,27,171.533,25.78,12,85.902,12.91,0,0.0,15,2,171.699,388.53,,,
rauma_04gk-ma_ifg_sb.trs,2,49,624.8,22,378.053,60.51,4,14.616,2.34,0,0.0,18,2,92.582,512.379,,,
rena_01um-02uk_kk_sb.trs,2,281,1257.12,126,903.876,71.9,34,380.619,30.28,0,0.0,92,2,474.214,367.53,,,
rena_01um-ifg_kk_sb.trs,2,167,848.28,47,207.883,24.51,3,26.817,3.16,0,0.0,44,2,284.719,523.725,,,
rena_02uk-ifg_kk_sb.trs,2,145,739.32,33,185.43,25.08,4,10.336,1.4,0,0.0,29,2,314.397,406.202,,,
rena_03gm-04gk_kk_eo.trs,2,210,1521.6,169,1411.356,92.75,99,1095.932,72.02,0,0.0,70,2,149.94,265.834,,,
rena_03gm-ifg_hl_ifg.trs,3,171,1239.96,53,320.955,25.88,24,115.081,9.28,0,0.0,29,2,994.301,115.387,,,
rena_04gk-ifg_hl_eo.trs,2,108,1281.2,43,223.053,17.41,18,86.423,6.75,0,0.0,25,2,1052.614,111.209,,,
roemskog_01um-02uk_eo_sb.trs,2,482,2040.96,237,1525.382,74.74,103,930.052,45.57,0,0.0,134,2,511.926,580.954,,,
roemskog_01um-ks_eo_ifg_lh.trs,2,124,702.24,30,184.986,26.34,10,68.037,9.69,0,0.0,20,2,237.941,342.431,,,
roemskog_02uk-eo_eo_ifg_lh.trs,2,161,1092.96,49,200.21,18.32,12,47.77,4.37,0,0.0,37,2,190.043,810.742,,,
roemskog_03gm-04gk_sb_ifg_eo.trs,2,184,999.36,97,791.089,79.16,45,508.38,50.87,0,0.0,52,2,205.375,261.543,,,
roemskog_03gm-ks_sb_ifg_eo.trs,2,42,649.44,5,36.365,5.6,0,0.0,0.0,0,0.0,5,2,453.094,112.061,,,
roemskog_04gk-eo_sb_ifg_eo.trs,2,136,600.48,25,152.363,25.37,4,9.362,1.56,0,0.0,21,2,407.858,163.204,,,
roeros_01um-02uk_hl_kk.trs,3,346,1805.36,182,1438.568,79.68,65,765.554,42.4,0,0.0,117,2,515.151,478.087,0.771,,
roeros_01um-amr_hl_kk.trs,2,124,600.88,24,88.627,14.75,3,4.922,0.82,0,0.0,21,2,449.399,142.052,,,
roeros_02uk-amr_hl_kk.trs,2,125,664.52,27,123.287,18.55,8,52.365,7.88,0,0.0,19,2,485.0,111.368,,,
roeros_03gm-04gk_ifg.trs,2,270,1869.52,184,1639.021,87.67,96,1173.619,62.78,0,0.0,88,2,423.288,248.479,,,
roeros_03gm-amr_ifg_kk.trs,2,82,886.08,22,68.86,7.77,6,34.567,3.9,0,0.0,16,2,57.935,781.011,,,
roeros_04gk-amr_ifg_kk.trs,2,85,624.6,15,42.07,6.74,2,4.885,0.78,0,0.0,13,2,101.682,508.896,,,
rollag_01um-02uk_ifg_amg.trs,2,216,1229.28,118,916.312,74.54,48,576.713,46.91,0,0.0,70,2,323.751,272.342,,,
rollag_01um-amg_ifg_amg.trs,2,118,753.68,25,170.366,22.6,2,15.39,2.04,0,0.0,23,2,242.492,472.552,,,
rollag_02uk-amg_ifg_amg.trs,2,82,796.32,27,265.454,33.34,6,94.841,11.91,0,0.0,21,2,139.389,509.419,,,
rollag_03gm-04gk_ahl_amg.trs,3,222,1047.24,138,827.977,79.06,73,530.173,50.63,0,0.0,65,2,294.804,200.037,,,
rollag_03gm-amg_ahl_eo.trs,2,105,775.28,25,77.133,9.95,10,29.619,3.82,0,0.0,15,2,116.863,605.857,,,
rollag_04gk-sl_ahl_amg.trs,2,92,749.28,25,138.781,18.52,8,44.48,5.94,0,0.0,17,2,121.152,562.981,,,
selbu_01um-02uk_amg_ifg_sb.trs,2,182,660.52,72,428.383,64.86,15,110.813,16.78,0,0.0,57,2,296.723,245.973,,,
selbu_01um-jk_amg_ifg_sb.trs,2,134,629.0,12,50.087,7.96,1,2.003,0.32,0,0.0,11,2,203.368,413.637,,,
selbu_02uk-jk_amg_ifg_sb.trs,2,101,464.84,11,79.919,17.19,2,18.807,4.05,0,0.0,9,2,150.173,289.898,,,
selbu_03gm-04gk_sb_lh.trs,3,178,1440.0,78,1122.958,77.98,33,635.525,44.13,0,0.0,45,2,326.818,460.819,12.736,,
selbu_03gm-jk_sb_lh.trs,2,38,810.0,3,37.528,4.63,0,0.0,0.0,0,0.0,3,2,676.713,122.836,,,
selbu_04gk-jk_sb_lh.trs,2,89,737.72,7,22.693,3.08,1,0.825,0.11,0,0.0,6,2,552.175,164.833,,,
sirdal_01um-02uk_amg_lh.trs,2,133,1204.64,83,856.667,71.11,16,286.778,23.81,0,0.0,67,2,225.708,498.209,,,
sirdal_01um-sl_amg_lh.trs,2,148,935.0,27,160.33,17.15,4,13.262,1.42,0,0.0,23,2,199.664,680.301,,,
sirdal_02uk-mi_amg_lh.trs,2,64,876.0,8,47.104,5.38,2,9.415,1.07,0,0.0,6,2,138.582,717.892,,,
sirdal_03gm-04gk_eo_lh.trs,2,199,1147.04,126,889.81,77.57,54,533.292,46.49,0,0.0,72,2,131.261,474.904,,,
sirdal_03gm-mi_eo_lh.trs,2,110,753.24,18,84.857,11.27,4,18.342,2.44,0,0.0,14,2,252.554,467.415,,,
sirdal_04gk-sl_eo_lh.trs,2,101,633.36,35,263.962,41.68,6,32.546,5.14,0,0.0,29,2,119.841,473.484,,,
skaugdalen_36-43_hl_kk_ifg.trs,2,406,1524.96,208,1214.395,79.63,45,547.555,35.91,0,0.0,163,2,568.549,398.231,,,
skaugdalen_37-39_sb_kk.trs,2,275,1543.2,147,1277.738,82.8,75,871.547,56.48,0,0.0,72,2,207.018,457.192,,,
skaugdalen_37-pmk_sb_kk.trs,2,91,959.52,24,119.807,12.49,8,53.462,5.57,0,0.0,16,2,751.862,150.382,,,
skaugdalen_43-pmk_hl_kk.trs,2,134,656.16,27,166.766,25.42,11,90.549,13.8,0,0.0,16,2,297.104,259.326,,,
skreia_01um-02uk_amg_lh_as.trs,2,438,1502.24,170,944.408,62.87,63,481.878,32.08,0,0.0,107,2,593.044,380.217,,,
skreia_01um-as_amg_as.trs,2,43,589.32,6,35.696,6.06,3,19.316,3.28,0,0.0,3,2,80.862,476.742,,,
skreia_02uk-as_amg_as.trs,2,42,729.6,10,59.147,8.11,3,22.37,3.07,0,0.0,7,2,54.115,640.357,,,
skreia_03gm-04gk_amg_as.trs,2,233,1105.08,101,760.813,68.85,40,369.419,33.43,0,0.0,61,2,343.555,381.208,,,
skreia_03gm-sl_amg_as.trs,2,169,609.0,44,179.395,29.46,13,58.432,9.59,0,0.0,31,2,187.829,345.962,,,
skreia_04gk-sl_amg_as.trs,2,87,726.88,29,118.707,16.33,5,18.381,2.53,0,0.0,24,2,139.932,564.06,,,
soemna_01um-02uk_sb_eo.trs,2,489,2551.04,228,1832.13,71.82,102,1153.597,45.22,0,0.0,126,2,897.215,480.769,,,
soemna_01um-ov_sb_eo.trs,2,80,401.48,15,53.257,13.27,4,12.64,3.15,0,0.0,11,2,279.462,89.466,,,
soemna_02uk-ov_sb_eo.trs,2,53,408.76,6,29.535,7.23,3,14.094,3.45,0,0.0,3,2,267.881,113.717,,,
soemna_03gm-04gk_kk_ifg.trs,3,294,2268.12,171,1682.085,74.16,79,940.466,41.46,0,0.0,92,2,554.818,535.072,145.747,,
soemna_03gm-ov_kk_sb.trs,2,130,1051.32,29,215.974,20.54,13,84.893,8.07,0,0.0,16,2,167.389,785.986,,,
soemna_04gk-ov_kk_sb.trs,2,112,1236.8,39,279.445,22.59,12,145.748,11.78,0,0.0,27,2,895.227,184.333,,,
sokndal_01um-02uk_ahl_lh.trs,2,321,1448.6,150,1080.763,74.61,39,435.757,30.08,0,0.0,111,2,512.3,499.828,,,
sokndal_01um-jbj_ahl_lh.trs,2,96,749.48,14,153.528,20.48,4,59.174,7.9,0,0.0,10,2,188.39,498.125,,,
sokndal_02uk-sr_ahl_lh.trs,2,171,769.32,50,207.866,27.02,12,59.001,7.67,0,0.0,38,2,210.012,500.307,,,
sokndal_03gm-04gk_sb_ahl_amg.trs,3,374,1646.24,269,1460.876,88.74,151,1053.071,63.97,0,0.0,118,2,224.576,367.21,,,
sokndal_03gm-jbj_sb_ahl.trs,2,193,949.76,44,307.292,32.35,16,110.522,11.64,0,0.0,28,2,638.83,181.616,,,
sokndal_04gk-jbj_sb_ahl_amg.trs,3,109,632.92,29,214.077,33.82,12,72.401,11.44,0,0.0,17,2,469.687,86.268,,2.814,
stamsund_01um-02uk_ahl_sb.trs,3,268,2562.8,138,2190.991,85.49,69,1582.336,61.74,0,0.0,69,2,441.051,517.831,,4.149,
stamsund_01um-ov_ahl_sb.trs,2,87,445.24,13,69.356,15.58,2,8.177,1.84,0,0.0,11,2,197.074,222.318,,,
stamsund_02uk-ov_ahl_sb.trs,2,78,536.08,15,93.672,17.47,8,59.926,11.18,0,0.0,7,2,152.406,323.748,,,
stamsund_03gm-04gk_sb_amg.trs,4,384,2613.84,207,2305.942,88.22,103,1805.021,69.06,0,0.0,104,2,367.784,370.373,43.667,2.528,
stamsund_03gm-ov_sb_amg.trs,2,83,744.64,7,79.688,10.7,1,2.791,0.37,0,0.0,6,2,643.586,94.524,,,
stamsund_04gk-ov_sb_amg.trs,2,95,982.28,14,219.6,22.36,4,67.255,6.85,0,0.0,10,2,816.175,98.85,,,
stange_02uk-03gm_amg_as.trs,2,156,1904.84,118,1772.536,93.05,85,1490.218,78.23,0,0.0,33,2,100.335,284.855,,,
stange_02uk-aml_amg_as.trs,2,80,721.44,24,150.878,20.91,8,86.642,12.01,0,0.0,16,2,114.801,519.997,,,
stange_03gm-aml_amg_as.trs,2,49,679.12,14,98.153,14.45,6,59.731,8.8,0,0.0,8,2,75.42,543.969,,,
stange_06uk-07gm_mi_as.trs,3,146,1138.36,101,1004.621,88.25,50,740.494,65.05,0,0.0,51,2,119.407,271.424,7.035,,
stange_06uk-aml_mi_as.trs,2,75,590.04,26,225.189,38.17,12,158.183,26.81,0,0.0,14,2,114.991,307.113,,,
stange_07gm-aml_mi_as.trs,2,106,743.8,39,246.75,33.17,16,107.965,14.52,0,0.0,23,2,127.823,508.012,,,
stavanger_01um-02uk_sr_ahl_lh.trs,2,420,1411.32,125,709.193,50.25,42,328.19,23.25,0,0.0,83,2,541.666,541.464,,,
stavanger_01um-ks_ahl_sr.trs,2,81,586.6,20,82.224,14.02,6,27.533,4.69,0,0.0,14,2,151.395,407.672,,,
stavanger_02uk-sr_sb_ahl.trs,2,81,613.4,13,89.998,14.67,1,3.363,0.55,0,0.0,12,2,415.703,189.183,,,
stavanger_03gm-04gk_ahl_sr.trs,2,249,869.52,117,607.566,69.87,63,438.071,50.38,0,0.0,54,2,307.248,124.201,,,
stavanger_03gm-ks_ahl_sr.trs,2,150,868.84,21,75.806,8.72,7,36.845,4.24,0,0.0,14,2,59.951,766.229,,,
stavanger_04gk-sr_ahl_sr_amg.trs,2,94,1080.0,15,52.283,4.84,7,27.888,2.58,0,0.0,8,2,121.635,903.386,,,
steigen_01um-02uk_kk_sb.trs,2,138,1246.44,87,1079.548,86.61,54,864.13,69.33,0,0.0,33,2,172.917,207.634,,,
steigen_01um-kb_kk_sb.trs,2,95,626.56,26,138.549,22.11,5,17.829,2.85,0,0.0,21,2,393.567,209.845,,,
steigen_02uk-kb_kk_sb.trs,2,76,621.36,24,233.799,37.63,11,84.509,13.6,0,0.0,13,2,441.684,79.481,,,
steigen_03gm-04gk_kk_ifg.trs,3,243,1886.76,167,1573.842,83.42,105,1207.593,64.0,0,0.0,62,2,287.244,286.964,,,
steigen_03gm-kb_kk_ifg.trs,2,108,991.76,44,329.692,33.24,17,111.038,11.2,0,0.0,27,2,716.476,134.476,,,
steigen_04gk-kb_kk_ifg_sb.trs,2,149,840.64,64,337.702,40.17,20,136.152,16.2,0,0.0,44,2,422.411,185.677,,,
stokkoeya_24-29_hl_kk_lh.trs,2,324,1273.16,182,936.223,73.54,89,564.482,44.34,0,0.0,93,2,233.836,466.972,,,
stokkoeya_24-aml_hl_kk_ifg.trs,2,197,869.2,44,174.827,20.11,15,61.33,7.06,0,0.0,29,2,253.299,550.636,,,
stokkoeya_29-aml_hl_kk_ifg.trs,2,83,872.72,23,154.886,17.75,10,45.479,5.21,0,0.0,13,2,68.905,755.526,,,
stokkoeya_31-33_ifg_hl_eo.trs,2,226,974.32,73,552.232,56.68,9,113.784,11.68,0,0.0,64,2,456.078,384.173,,,
stokkoeya_33-pmk_ifg_kk_eo.trs,2,128,859.2,13,138.413,16.11,5,59.975,6.98,0,0.0,8,2,440.164,349.747,,,
stonglandseidet_47-50_lh_as.trs,3,156,1616.6,96,1424.909,88.14,50,1048.633,64.87,0,0.0,46,2,343.999,200.047,20.702,,
stonglandseidet_47-jbj_lh_as.trs,2,122,1190.28,29,197.278,16.57,10,35.817,3.01,0,0.0,19,2,174.981,977.407,,,
stonglandseidet_50-jbj_lh_as.trs,2,108,694.24,40,306.324,44.12,18,177.099,25.51,0,0.0,22,2,106.367,410.774,,,
stranda_01um-02uk_hl_eo.trs,3,288,1820.08,137,1401.894,77.02,47,756.927,41.59,0,0.0,90,2,383.7,628.492,12.424,,
stranda_01um-ta_hl_kk.trs,2,88,714.0,39,209.993,29.41,13,83.722,11.73,0,0.0,26,2,442.028,162.491,,,
stranda_02uk-ta_hl_kk.trs,2,79,562.52,27,183.766,32.67,12,88.426,15.72,0,0.0,15,2,245.212,206.593,,,
stranda_03gm-04gk_sb_ifg.trs,2,476,1792.52,303,1504.148,83.91,137,927.308,51.73,0,0.0,166,2,402.082,435.873,,,
stranda_03gm-ta_sb_ifg.trs,2,122,652.52,42,172.523,26.44,17,73.355,11.24,0,0.0,25,2,392.463,171.582,,,
stranda_04gk-ta_sb_kk.trs,2,138,622.52,42,231.302,37.16,20,91.913,14.76,0,0.0,22,2,398.806,85.642,,,
stryn_01um-02uk_sr_lh.trs,3,418,1743.04,192,1190.131,68.28,64,614.838,35.27,0,0.0,128,2,623.629,468.453,16.745,,
stryn_01um-as_sr_as.trs,2,44,636.72,7,56.225,8.83,0,0.0,0.0,0,0.0,7,2,122.04,504.187,,,
stryn_02uk-as_sr_lh_eo.trs,2,77,487.2,8,48.469,9.95,3,21.515,4.42,0,0.0,5,2,299.754,150.001,,,
stryn_03gm-04gk_sb_lh.trs,3,207,1421.12,82,880.218,61.94,34,573.561,40.36,0,0.0,48,2,408.3,315.274,4.221,,
stryn_03gm-as_sb_lh.trs,2,59,633.12,12,84.588,13.36,0,0.0,0.0,0,0.0,12,2,144.429,473.596,,,
stryn_04gk-as_sb_hcfh_lh.trs,2,92,610.44,18,76.63,12.55,2,4.042,0.66,0,0.0,16,2,197.419,403.661,,,
suldal_01um-02uk_ahl_amg.trs,3,316,1607.52,163,1109.727,69.03,61,514.415,32.0,0,0.0,102,2,416.584,640.273,4.126,,
suldal_01um-sr_ahl_lh.trs,2,82,649.92,9,53.378,8.21,3,17.351,2.67,0,0.0,6,2,159.978,427.152,,,
suldal_02uk-ks_ahl_lh.trs,2,76,649.72,18,142.494,21.93,6,39.465,6.07,0,0.0,12,2,117.92,486.707,,,
suldal_03gm-04gk_sb_amg.trs,2,419,1634.632,269,1314.692,80.43,130,857.324,52.45,0,0.0,139,2,243.626,531.893,,,
suldal_03gm-sr_sb_amg.trs,2,165,872.103,31,102.137,11.71,6,18.219,2.09,0,0.0,25,2,581.315,264.7,,,
surnadal_18-19_ifg_sb.trs,2,242,1431.84,153,1161.441,81.12,74,729.384,50.94,0,0.0,79,2,430.383,257.979,,,
surnadal_18-jbj_ifg_sb.trs,2,150,1078.08,49,215.591,20.0,9,41.207,3.82,0,0.0,40,2,186.839,785.023,,,
surnadal_19-jbj_ifg_sb.trs,3,148,975.0,41,278.708,28.59,15,109.981,11.28,0,0.0,26,2,162.521,673.696,0.781,,
surnadal_28-29_eo_sb.trs,2,330,1523.52,103,790.579,51.89,16,197.863,12.99,0,0.0,87,2,521.818,644.059,,,
surnadal_28-sl_eo_sb.trs,2,110,442.56,20,79.212,17.9,6,27.565,6.23,0,0.0,14,2,178.979,168.607,,,
surnadal_29-sl_eo_sb.trs,2,114,410.4,19,85.567,20.85,2,6.893,1.68,0,0.0,17,2,211.91,182.66,,,
sylling_01um-02uk_ahl_lh.trs,3,349,1567.68,180,1113.339,71.02,54,441.004,28.13,0,0.0,126,2,493.162,625.45,2.269,,
sylling_01um-ahl_ahl_amg.trs,3,39,773.76,6,19.253,2.49,0,0.0,0.0,0,0.0,6,2,49.947,697.724,9.038,,
sylling_02uk-ahl_ahl_lh.trs,2,149,1119.36,27,119.677,10.69,5,33.241,2.97,0,0.0,22,2,143.918,916.208,,,
sylling_03gm-04gk_ifg_amg.trs,3,188,1422.24,146,1262.052,88.74,78,1034.344,72.73,0,0.0,68,2,231.177,128.46,,,
sylling_03gm-ahl_ifg_amg.trs,2,22,1138.56,3,8.805,0.77,1,1.22,0.11,0,0.0,2,2,23.615,1080.696,,,
sylling_04gk-ahl_ifg_amg.trs,2,62,910.08,12,171.916,18.89,1,0.811,0.09,0,0.0,11,2,50.729,837.482,,,
tana_01um-02uk_hl_eo.trs,2,213,2636.32,121,2159.627,81.92,39,1064.802,40.39,0,0.0,82,2,593.261,899.008,,,
tana_01um-ov_hl_eo.trs,2,77,570.2,8,65.571,11.5,2,19.31,3.39,0,0.0,6,2,200.525,323.727,,,
tana_02uk-ov_hl_eo.trs,3,62,593.2,13,90.232,15.21,2,6.85,1.15,0,0.0,11,2,349.257,201.107,,,
tana_03gm-04gk_kk_ifg.trs,3,418,2402.36,302,2035.058,84.71,181,1449.996,60.36,0,0.0,121,2,553.203,15.653,366.61,,
tana_03gm-ov_kk_sb.trs,2,124,806.4,46,247.906,30.74,16,91.643,11.36,0,0.0,30,2,139.508,566.826,,,
tana_04gk-ov_kk_sb.trs,2,114,633.92,47,282.624,44.58,16,103.993,16.4,0,0.0,31,2,136.976,381.097,,,
time_01um-02uk_sr_amg.trs,3,306,1004.2,101,497.914,49.58,27,123.406,12.29,0,0.0,74,2,284.506,587.155,1.685,,
time_01um-jbj_sr_amg.trs,2,236,823.64,16,67.869,8.24,3,11.788,1.43,0,0.0,13,2,346.447,463.249,,,
time_02uk-sr_ahl_amg.trs,2,92,576.72,9,60.489,10.49,3,33.111,5.74,0,0.0,6,2,109.447,411.388,,,
time_03gm-04gk_ahl_amg.trs,3,241,1809.96,105,1065.145,58.85,57,683.185,37.75,0,0.0,48,2,713.499,392.1,3.553,,
time_03gm-sr_sr_amg.trs,2,52,757.08,10,41.655,5.5,5,19.823,2.62,0,0.0,5,2,70.668,666.589,,,
time_04gk-jbj_ahl_amg.trs,2,111,818.8,25,212.139,25.91,12,122.549,14.97,0,0.0,13,2,497.981,198.27,,,
tinn_01um-05um_amg_lh.trs,2,245,1214.96,126,917.724,75.54,41,453.914,37.36,0,0.0,85,2,370.835,384.56,,,
tinn_01um-sl_amg_as.trs,2,41,502.44,11,113.392,22.57,2,25.433,5.06,0,0.0,9,2,55.268,412.605,,,
tinn_03gm-04gk_amg_lh.trs,2,208,1409.52,96,960.421,68.14,35,528.531,37.5,0,0.0,61,2,441.484,438.05,,,
tinn_03gm-mi_amg_lh.trs,2,68,1215.0,11,76.328,6.28,1,7.369,0.61,0,0.0,10,2,87.841,1115.164,,,
tinn_04gk-mi_amg_lh.trs,2,82,1087.6,11,86.965,8.0,1,2.909,0.27,0,0.0,10,2,950.053,134.638,,,
tinn_05um-sl_amg_as.trs,2,69,882.16,7,88.04,9.98,2,58.994,6.69,0,0.0,5,2,109.339,691.336,,,
todalen_01um-02uk_ifg_lh.trs,2,167,845.96,86,583.383,68.96,32,279.079,32.99,0,0.0,54,2,225.934,270.56,,,
todalen_01um-ta_ifg_lh.trs,2,93,852.0,24,207.017,24.3,5,52.326,6.14,0,0.0,19,2,285.717,485.436,,,
todalen_02uk-ta_ifg_lh.trs,2,78,666.0,23,159.783,23.99,4,15.176,2.28,0,0.0,19,2,258.134,348.048,,,
todalen_03gm-04gk_sb_lh.trs,3,334,1938.0,188,1521.623,78.52,87,951.658,49.11,0,0.0,101,2,454.912,494.277,4.035,,
todalen_03gm-ta_sb_lh.trs,2,95,761.52,23,175.82,23.09,4,37.591,4.94,0,0.0,19,2,421.525,248.908,,,
todalen_04gk-ta_sb_lh.trs,3,210,984.0,58,295.078,29.99,16,99.074,10.07,0,0.0,42,2,574.722,271.574,0.572,,
tromsoe_01um-02uk_ahl_sb.trs,3,374,2334.44,238,1962.57,84.07,81,1044.364,44.74,0,0.0,157,2,648.359,602.401,,,
tromsoe_01um-kb_ahl_ifg_sb.trs,2,84,642.32,25,108.418,16.88,6,38.824,6.04,0,0.0,19,2,143.914,441.363,,,
tromsoe_02uk-kb_ahl_ifg_sb.trs,2,84,686.96,32,150.422,21.9,6,38.227,5.56,0,0.0,26,2,141.21,484.462,,,
tromsoe_03gm-04gk_sb_kk_eo_akl.trs,3,326,2035.12,227,1836.912,90.26,126,1371.836,67.41,0,0.0,101,2,496.496,146.57,1.641,,
tromsoe_03gm-kb_sb_kk_eo.trs,2,167,1136.12,74,510.79,44.96,30,198.899,17.51,0,0.0,44,2,798.316,113.459,,,
tromsoe_04gk-kb_sb_kk_lh.trs,2,137,960.0,65,401.142,41.79,20,128.632,13.4,0,0.0,45,2,686.252,137.905,,,
trondheim_01um-02uk_ifg_sb.trs,2,369,1533.08,156,918.384,59.9,46,333.445,21.75,0,0.0,110,2,434.608,738.58,,,
trondheim_01um-lks_ifg_sb.trs,2,70,539.52,4,21.446,3.98,0,0.0,0.0,0,0.0,4,2,117.482,401.631,,,
trondheim_02uk-lks_ifg_sb.trs,2,62,562.88,3,6.145,1.09,0,0.0,0.0,0,0.0,3,2,104.807,434.44,,,
trondheim_03gm-04gk_sb_amg.trs,2,246,1236.0,138,1041.198,84.24,65,707.985,57.28,0,0.0,73,2,203.974,317.96,,,
trondheim_03gm-ran_sb_amg.trs,2,119,658.4,58,298.602,45.35,34,218.702,33.22,0,0.0,24,2,333.148,101.996,,,
trondheim_04gk-ran_sb_amg.trs,2,155,654.0,73,356.301,54.48,30,186.321,28.49,0,0.0,43,2,319.179,142.562,,,
trysil_01um-02uk_sb_mi.trs,2,256,1131.76,95,690.739,61.03,28,274.798,24.28,0,0.0,67,2,433.644,423.318,,,
trysil_01um-ifg_sb_mi.trs,2,100,926.12,14,103.328,11.16,0,0.0,0.0,0,0.0,14,2,656.504,259.6,,,
trysil_02uk-sl_sb_lh.trs,2,125,711.72,29,122.202,17.17,2,5.605,0.79,0,0.0,27,2,476.136,229.979,,,
trysil_03gm-04gk_eo_ifg_amg.trs,2,191,1038.72,127,934.866,90.0,70,733.426,70.61,0,0.0,57,2,131.83,156.866,,,
trysil_03gm-ifg_eo_lh.trs,2,27,813.08,2,7.909,0.97,0,0.0,0.0,0,0.0,2,2,52.777,743.514,,,
trysil_04gk-sl_eo_lh.trs,2,129,781.44,49,225.495,28.86,15,60.537,7.75,0,0.0,34,2,87.494,617.503,,,
valle_01um-02uk_eo_amg.trs,2,197,1281.0,143,1112.617,86.86,90,886.646,69.22,0,0.0,53,2,148.676,225.145,,,
valle_01um-sl_eo_amg.trs,2,79,825.0,14,57.345,6.95,6,22.72,2.75,0,0.0,8,2,126.848,667.443,,,
valle_02uk-eo_eo_amg.trs,2,112,858.84,31,189.949,22.12,13,78.318,9.12,0,0.0,18,2,138.318,621.862,,,
valle_03gm-04gk_eo_amg_lh.trs,2,218,1368.16,132,1096.817,80.17,66,735.569,53.76,0,0.0,66,2,325.216,298.759,,,
valle_03gm-eo_eo_amg.trs,2,109,834.12,13,56.228,6.74,5,15.511,1.86,0,0.0,8,2,249.396,550.567,,,
valle_04gk-sl_eo_amg.trs,2,117,833.8,36,313.366,37.58,5,18.716,2.24,0,0.0,31,2,142.444,660.335,,,
vang_01um-02uk_eo_amg_as.trs,2,214,1314.64,147,1166.758,88.75,73,812.094,61.77,0,0.0,74,2,220.718,278.609,,,
vang_01um-mi_eo_as.trs,2,79,781.28,11,94.243,12.06,3,72.138,9.23,0,0.0,8,2,138.689,558.372,,,
vang_02uk-sl_eo_as.trs,2,62,525.24,5,16.283,3.1,0,0.0,0.0,0,0.0,5,2,130.972,393.815,,,
vang_03gm-04gk_lh_eo_sl.trs,2,187,1298.88,132,1135.664,87.43,69,823.427,63.4,0,0.0,63,2,260.987,208.075,,,
vang_03gm-sl_lh_eo_as.trs,2,99,1129.12,16,106.729,9.45,3,17.591,1.56,0,0.0,13,2,205.35,738.207,,,
vang_04gk-mi_lh_eo_as.trs,2,102,1052.52,15,106.901,10.16,4,18.506,1.76,0,0.0,11,2,128.475,884.529,,,
vardoe_01um-02uk_eo_kk.trs,3,414,2470.96,218,1788.786,72.39,119,1084.959,43.91,0,0.0,99,2,516.419,853.673,8.275,,
vardoe_01um-kb_eo_kk.trs,2,129,765.84,35,175.62,22.93,10,51.708,6.75,0,0.0,25,2,241.971,456.613,,,
vardoe_02uk-kb_eo_kk.trs,2,135,972.4,34,195.915,20.15,18,121.796,12.53,0,0.0,16,2,230.557,596.285,,,
vardoe_03gm-04gk_kk_eo.trs,2,413,2913.0,351,2786.568,95.66,254,2419.962,83.07,0,0.0,97,2,214.648,254.98,,,
vardoe_03gm-kb_kk_eo.trs,2,130,1136.32,62,363.953,32.03,21,141.811,12.48,0,0.0,41,2,124.336,848.705,,,
vardoe_04gk-kb_kk_eo.trs,2,178,1294.04,128,960.728,74.24,67,489.119,37.8,0,0.0,61,2,89.387,702.973,,,
vegaarshei_01um-02uk_ifg_eo.trs,2,244,1102.04,173,965.202,87.58,101,733.827,66.59,0,0.0,72,2,173.242,185.742,,,
vegaarshei_01um-sl_lh_amg.trs,2,101,1110.0,34,165.645,14.92,14,88.55,7.98,0,0.0,20,2,137.488,822.519,,,
vegaarshei_02uk-eo_sr_eo.trs,2,148,1204.6,36,131.645,10.93,15,65.236,5.42,0,0.0,21,2,145.354,979.704,,,
vegaarshei_03gm-04gk_sb_eo_lh.trs,2,177,1218.0,95,993.463,81.57,47,675.737,55.48,0,0.0,48,2,243.744,250.071,,,
vegaarshei_03gm-sl_eo_lh.trs,2,82,888.0,30,259.399,29.21,10,80.145,9.03,0,0.0,20,2,120.967,626.199,,,
vegaarshei_04gk-eo_sb_lh.trs,2,90,728.64,20,156.366,21.46,3,27.115,3.72,0,0.0,17,2,554.75,122.212,,,
vennesla_01um-02uk_eo_lh.trs,3,382,1263.04,188,964.023,76.33,53,392.42,31.07,0,0.0,135,2,283.161,567.213,13.355,,
vennesla_01um-sl_eo_lh.trs,2,77,608.48,20,71.414,11.74,4,9.096,1.49,0,0.0,16,2,484.103,115.281,,,
vennesla_02uk-sl_eo_lh.trs,2,88,658.88,33,174.911,26.55,6,29.082,4.41,0,0.0,27,2,486.162,143.636,,,
vennesla_03gm-04gk_lh_mi.trs,2,307,1121.8,148,822.388,73.31,53,450.689,40.18,0,0.0,95,2,334.746,333.05,,,
vennesla_03gm-sl_lh_ahl_lh.trs,2,54,2371.08,10,56.917,2.4,2,13.26,0.56,0,0.0,8,2,1809.872,547.948,,,
vennesla_04gk-sl_lh_mi.trs,2,123,561.44,42,174.464,31.07,16,51.206,9.12,0,0.0,26,2,132.038,368.848,,,
vestre_slidre_03gm-04gk_ifg_eo.trs,2,306,1344.0,160,887.492,66.03,54,363.684,27.06,0,0.0,106,2,385.078,572.461,,,
vestre_slidre_03gm-ifg_ifg_eo.trs,2,111,650.88,23,114.775,17.63,4,21.603,3.32,0,0.0,19,2,205.369,397.414,,,
vestre_slidre_04gk-ifg_ifg_eo.trs,2,158,967.36,37,193.828,20.04,16,70.316,7.27,0,0.0,21,2,231.75,657.377,,,
vinje_01um-05um_amg_lh.trs,2,204,1272.0,76,760.132,59.76,27,344.503,27.08,0,0.0,49,2,428.583,487.968,,,
vinje_01um-as_amg_lh.trs,2,64,339.96,10,50.9,14.97,0,0.0,0.0,0,0.0,10,2,148.697,186.112,,,
vinje_04gk-08gk_lh_mi.trs,2,127,1204.48,80,922.874,76.62,42,668.099,55.47,0,0.0,38,2,133.619,389.598,,,
vinje_04gk-sl_lh_amg_mi.trs,2,51,912.0,9,40.47,4.44,3,14.571,1.6,0,0.0,6,2,90.07,799.799,,,
vinje_05um-as_amg_lh.trs,2,64,446.44,10,44.839,10.04,1,2.838,0.64,0,0.0,9,2,293.856,140.851,,,
vinje_08gk-sl_lh_sl_mi.trs,2,87,952.92,15,314.049,32.96,1,0.882,0.09,0,0.0,14,2,357.264,584.305,,,
volda_01um-02uk_sb_ifg.trs,2,176,1321.44,88,1089.899,82.48,28,590.887,44.72,0,0.0,60,2,384.063,338.907,,,
volda_01um-amr_sb_ifg.trs,2,56,498.76,9,40.224,8.06,1,1.017,0.2,0,0.0,8,2,409.257,85.624,,,
volda_02uk-amr_sb_ifg.trs,2,94,603.32,26,125.286,20.77,9,32.499,5.39,0,0.0,17,2,475.929,80.321,,,
volda_03gm-04gk_sb_eo.trs,2,255,1215.88,136,937.982,77.14,78,733.325,60.31,0,0.0,58,2,201.708,262.208,,,
volda_03gm-amr_sb_eo.trs,2,95,899.08,18,149.14,16.59,6,60.846,6.77,0,0.0,12,2,691.028,121.175,,,
volda_04gk-amr_sb_eo.trs,2,161,768.48,38,148.357,19.31,14,70.517,9.18,0,0.0,24,2,553.856,124.988,,,
voss_01um-02uk_mi_lh.trs,2,330,1502.76,163,1105.798,73.58,65,555.45,36.96,0,0.0,98,2,525.915,418.963,,,
voss_01um-sl_mi_lh.trs,2,116,651.64,22,129.535,19.88,8,38.374,5.89,0,0.0,14,2,138.911,470.371,,,
voss_02uk-mi_sb_mi.trs,2,66,726.08,11,87.926,12.11,2,13.426,1.85,0,0.0,9,2,610.852,100.204,,,
voss_03gm-04gk_sb_mi.trs,2,184,1350.04,122,1228.081,90.97,62,868.787,64.35,0,0.0,60,2,203.2,273.426,,,
voss_03gm-mi_sb_mi.trs,2,59,647.96,15,139.509,21.53,6,59.357,9.16,0,0.0,9,2,500.009,77.147,,,
voss_04gk-sl_mi_lh.trs,2,210,849.08,56,229.404,27.02,9,35.358,4.16,0,0.0,47,2,206.297,595.76,,,
